Run.order,sample.id,target_CO2_conc_ppm,target_d13C,sample_run,picarro.id,Rundate,Runtime,Position,12CO2_mean,12CO2_stdev,13CO2_mean,13CO2_stdev,Delta_30s_iCO2_mean,Delta_30s_iCO2_stdev,H2O,OutletValve,ChemDetect,notes
1,STD-305,1778,902.2,"24HR, 48HR",STD-305,20230601,213422,1,1288,8,25,0,689,2,1,25349,0,
2,STD-593,667,902.2,"24HR, 48HR",STD-593,20230601,214923,2,927,4,18,0,686,3,1,25230,0,
3,zeroair,,,"24HR, 48HR",ZEROAIR,20230601,220423,3,16,3,0,0,80,16,0,25130,0,
4,STD-930,1778,-25,"24HR, 48HR",STD-930,20230601,221924,4,1928,12,21,0,-24,0,0,25117,0,
5,STD-972,444,1829.4,"24HR, 48HR",STD-972,20230601,223425,5,316,1,9,0,1615,18,0,25104,0,
6,STD-563,1778,3312.9,"24HR, 48HR",STD-563,20230601,224926,6,1604,9,74,0,3082,6,0,25044,0,
7,STD-850,1778,1829.4,"24HR, 48HR",STD-850,20230601,230426,7,1192,5,36,0,1683,4,0,25001,0,
8,STD-877,1333,-25,"24HR, 48HR",STD-877,20230601,231927,8,1216,5,13,0,-19,1,0,24907,0,
9,STD-584,1778,2756.6,"24HR, 48HR",STD-584,20230601,233427,9,1332,6,57,0,2756,6,0,24855,0,
10,STD-877a,1333,3312.9,"24HR, 48HR",STD-877,20230601,234928,10,856,3,39,0,3055,10,0,24801,0,
11,STD-34,1333,2756.6,"24HR, 48HR",STD-34,20230602,429,11,962,3,41,0,2741,7,0,24775,0,
12,STD-191,222,-25,"24HR, 48HR",STD-191,20230602,1929,12,204,1,2,0,7,4,0,24780,0,
1,STD-240,667,1829.4,"48HR, 72HR",STD-240,20230608,142156,1,588,0,19,0,1852,3,0,23961,0,
2,STD-228,2222,3312.9,"48HR, 72HR",STD-228,20230608,143657,2,2179,3,101,0,3104,1,0,23761,0,
3,STD-023,2222,1829.4,"48HR, 72HR",STD-023,20230608,145158,3,2035,3,66,0,1883,0,0,23722,0,
4,STD-662,1333,-25,"48HR, 72HR",STD-662,20230608,150658,4,986,2,11,0,-11,1,0,23769,0,
5,STD-052,1333,2756.6,"48HR, 72HR",STD-052,20230608,152159,5,1156,1,50,0,2838,2,0,23591,0,
6,STD-584,889,3312.9,"48HR, 72HR",STD-584,20230608,153700,6,789,1,36,0,3072,3,0,23664,0,
7,STD-236,222,902.2,"48HR, 72HR",STD-236,20230608,155201,7,221,1,5,0,1015,1,0,23670,0,
8,STD-259,2222,-25,"48HR, 72HR",STD-259,20230608,160701,8,2080,3,23,0,-22,0,0,23665,0,
9,STD-046,222,2756.6,"48HR, 72HR",STD-046,20230608,162202,9,216,1,9,0,2704,12,0,23591,0,
10,STD-305,222,-25,"48HR, 72HR",STD-305,20230608,163703,10,126,1,1,0,3,3,0,23649,0,
11,STD-041,1333,902.2,"48HR, 72HR",STD-041,20230608,165204,11,1293,2,30,0,1054,0,0,23600,0,
1,STD-041,222,-25,72HR,STD-041,20230616,142139,1,181,12,2,0,-8,1,1,27688,0,
2,STD-191,2222,902,72HR,STD-191,20230616,143640,2,1106,30,22,1,767,12,1,27625,0,
3,STD-234,1333,-25,72HR,STD-234,20230616,145140,3,770,17,9,0,-16,1,1,27640,0,
4,STD-290,1333,1829,72HR,STD-290,20230616,150641,4,880,24,27,1,1709,41,1,27668,0,
5,STD-305,222,1829,72HR,STD-305,20230616,152141,5,209,12,6,0,1373,139,0,27669,0,
6,STD-850,667,902,72HR,STD-850,20230616,153642,6,376,3,7,0,675,41,0,27688,0,
7,STD-972,2222,2757,72HR,STD-972,20230616,155143,7,1363,55,53,3,2449,40,0,27680,0,
8,STD-260,222,2757,72HR,STD-260,20230616,160644,8,220,12,7,0,1925,202,0,27664,0,
9,STD-877,1333,3313,72HR,STD-877,20230616,162145,9,1003,36,42,2,2710,65,1,27682,0,
10,STD-004,889,3313,72HR,STD-004,20230616,163645,10,705,17,29,1,2643,90,0,27682,0,
1,STD-80,2222,-25,troubleshooting leak,STD-080,20230620,110924,1,1622,87,18,1,-22,0,1,27760,0,*ran while picarro was leaking
2,STD-245,1333,902,troubleshooting leak,STD-245,20230620,112424,2,916,38,14,1,375,13,1,27739,0,*ran while picarro was leaking
3,STD-32,222,902,troubleshooting leak,STD-032,20230620,113925,3,212,16,3,0,263,38,1,27742,0,*ran while picarro was leaking
4,STD-2,667,-25,troubleshooting leak,STD-002,20230620,115426,4,579,9,6,0,-19,1,1,27707,0,*ran while picarro was leaking
5,zeroair,,,troubleshooting leak,ZERO,20230620,120926,5,143,68,2,1,-10,3,0,27721,0,*ran while picarro was leaking
6,zeroair,,,troubleshooting leak,ZERO,20230620,122530,6,5,1,0,0,111,27,0,24625,0,*ran while picarro was leaking
7,zeroair,,,troubleshooting leak,ZERO,20230620,124031,7,4,1,0,0,358,67,0,24633,0,*ran while picarro was leaking
8,zeroair,,,troubleshooting leak,ZERO,20230620,125531,8,4,1,0,0,180,33,0,24571,0,*ran while picarro was leaking
9,STD-236,2222,3313,96HR,std-236,20230620,131032,16,1541,2,67,0,2838,2,0,24491,0,
10,STD-267,2222,1829,96HR,STD-267,20230620,132533,17,1485,2,36,0,1149,0,0,24489,0,
11,STD-263,889,2757,96HR,STD-263,20230620,134034,18,615,0,22,0,2198,3,0,24463,0,
12,STD-235,1333,2757,96HR,STD-235,20230620,135534,19,971,1,35,0,2208,2,0,24440,0,
13,STD-52,222,3313,96HR,STD-052,20230620,141035,20,404,2,5,0,3,13,1,30538,0,
14,STD-27,667,1829,96HR,STD-027,20230620,142535,21,498,0,12,0,1138,1,0,24479,0,
1,STD-54,222,3313,96HR,STD-054,20230621,93821,1,211,0,9,0,2852,12,1,24765,0,
2,STD-63,667,1829,96HR,STD-063,20230621,95322,2,592,0,18,0,1738,2,0,24533,0,
3,STD-218,2222,3313,96HR,STD-218,20230621,100822,3,1849,3,84,0,3007,1,0,24451,0,
4,STD-248,667,-25,96HR,STD-248,20230621,102323,4,334,1,4,0,8,3,0,24393,0,
5,STD-208,1333,902,96HR,STD-208,20230621,103824,5,982,1,24,0,1120,1,0,24386,0,
6,STD-67,222,902,96HR,STD-067,20230621,105324,6,176,1,4,0,1103,4,0,24336,0,
7,STD-255,2222,-25,96HR,STD-255,20230621,110825,7,983,1,11,0,-15,0,0,24390,0,
8,STD-20,1333,2757,96HR,STD-020,20230621,112326,8,1175,1,47,0,2505,2,0,24339,0,
9,STD-41,2222,1829,96HR,STD-041,20230621,113827,9,1813,3,56,0,1749,1,0,24353,0,
10,STD-247,889,2757,96HR,STD-247,20230621,115328,10,777,0,31,0,2496,3,0,24327,0,
1,STD-214,889,3313,96HR,STD-214,20230622,132434,22,792,1,37,0,3098,3,0,24108,0,
2,STD-29,1333,3313,96HR,STD-029,20230622,133934,23,1251,2,58,0,3106,2,0,24116,0,
3,STD-5,222,1829,96HR,STD-005,20230622,135435,24,230,0,7,0,1867,4,0,24095,0,
4,STD-252,2222,902,96HR,STD-252,20230622,140935,25,1874,3,44,0,1061,0,0,24123,0,
5,STD-43,667,902,96HR,STD-043,20230622,142436,26,596,0,14,0,1057,1,0,24085,0,
6,STD-272,1333,-25,96HR,STD-272,20230622,143936,27,1057,1,12,0,-19,0,0,24101,0,
7,STD-71,1333,1829,96HR,STD-071,20230622,145437,28,1233,1,40,0,1883,2,0,24073,0,
8,STD-236,2222,2757,96HR,STD-236,20230622,150937,29,1916,3,79,0,2646,1,0,24145,0,
9,STD-65,222,-25,96HR,STD-065,20230622,152438,30,189,1,2,0,24,5,0,24109,0,
10,STD-83,222,2757,96HR,STD-083,20230622,153939,31,206,1,8,0,2586,10,0,25417,0,
1,STD-212,2222,902,96HR,STD-212,20230623,171814,26,2213,3,50,0,992,0,0,24193,0,
2,STD-30,1333,-25,96HR,STD-030,20230623,173315,27,1412,1,16,0,-18,0,0,24160,0,
3,STD-251,222,-25,96HR,STD-251,20230623,174816,28,254,1,3,0,-11,1,0,24182,0,
4,STD-544,667,902,96HR,STD-544,20230623,180317,29,718,0,16,0,988,1,0,24173,0,
5,STD-210,1333,1829,96HR,STD-210,20230623,181817,30,1391,2,43,0,1757,1,0,24169,0,
6,STD-84,222,1829,96HR,STD-084,20230623,183318,31,239,1,7,0,1730,5,0,24158,0,
7,STD-B3,2222,2757,96HR,STD-B3,20230623,184819,32,2250,4,89,0,2507,1,0,24159,0,
8,STD-40,1333,3313,96HR,STD-040,20230623,190319,33,1436,2,65,0,3038,2,0,24146,0,
9,STD-232,222,2757,96HR,STS-232,20230623,191820,34,233,1,9,0,2472,7,0,24165,0,
10,STD-259,889,3313,96HR,STD-259,20230623,193321,35,928,1,42,0,3034,2,0,24129,0,
1,STD-662,222,3313,96HR,STD-662,20230624,183423,127,244,0,11,0,3002,9,0,24032,0,
2,STD-82,1333,902,96HR,STD-082,20230624,184923,128,1429,2,32,0,1000,1,0,24049,0,
3,STD-262,2222,3313,96HR,STD-262,20230624,190424,129,2150,3,98,0,3058,1,0,24074,0,
4,STD-216,667,-25,96HR,STD-216,20230624,191924,130,252,1,3,0,30,4,0,24031,0,
5,STD-273,667,1829,96HR,STD-273,20230624,193425,131,659,0,20,0,1750,2,0,24037,0,
6,STD-203,889,2757,96HR,STD-203,20230624,194926,132,967,1,39,0,2532,2,0,24047,0,
7,STD-877,222,902,96HR,STD-877,20230624,200427,133,248,0,6,0,997,1,0,24047,0,
8,STD-27,1333,2757,96HR,STD-027,20230624,201927,134,1456,2,58,0,2536,2,0,23979,0,
9,STD-263,2222,-25,96HR,STD-263,20230624,203428,135,2143,3,24,0,-7,1,0,24068,0,
10,STD-83,2222,1829,96HR,STD-083,20230624,204929,136,2239,3,70,0,1756,1,0,24042,0,
