run.order,sample.id,site,core,horizon,carbon addition,timepoint,group,vial.id,unpressurized,picarro.id,sampling dilution (mL zero: mL sample),dilution for analysis on picarro (mL zero: mL sample),Rundate,Runtime,Position,12CO2_mean,12CO2_stdev,13CO2_mean,13CO2_stdev,Delta_Raw_iCO2_mean,Delta_Raw_iCO2_stdev,H2O,OutletValve,ChemDetect,notes
114,0103M_12CG_96HR,1,3,M,12CG,96HR,R6,206,,206,1:1,5:1,20230622,210627,14,353.413823,0.164805694,3.928417929,0.003865732,-15.12124972,0.451526602,0.248798275,24292.66343,0,
59,0103M_12CP_96HR,1,3,M,12CP,96HR,R6,45,,45,1:1,5:1,20230622,23905,109,260.8515448,0.289827608,3.132720084,0.004990637,63.29557369,0.645433115,0.292801646,24070.06196,0,
103,0103M_13CG_96HR,1,3,M,13CG,96HR,R6,256,,256,1:1,5:1,20230622,182117,3,387.4539772,0.26887908,9.292831998,0.008680298,1121.439123,2.642680677,0.360498508,24452.07576,0,
217,0103M_13CP_96HR,1,3,M,13CP,96HR,R6,59,,59,1:1,5:1,20230624,104901,96,316.2216152,0.215717727,3.78812241,0.004221342,60.31129445,0.375251639,0.309652572,24058.31868,0,
108,0103O_12CG_96HR,1,3,O,12CG,96HR,R6,850,,850,1:1,5:1,20230622,193622,8,300.995478,0.292370373,3.335137296,0.005901935,-18.83786337,0.415892208,0.280660245,24368.67991,0,
135,0103O_12CP_96HR,1,3,O,12CP,96HR,R6,89,,89,1:1,5:1,20230623,22146,35,315.6029761,0.220504306,3.648533346,0.005355961,24.20546023,0.517506187,0.252845215,24169.9523,0,
203,0103O_13CG_96HR,1,3,O,13CG,96HR,R6,E3,,E3,1:1,5:1,20230624,71852,82,306.9677618,0.255660219,3.975402998,0.004604298,146.1778508,0.410131353,0.316431589,24020.8564,0,
139,0103O_13CP_96HR,1,3,O,13CP,96HR,R6,A3,,A3,1:1,5:1,20230623,32148,39,331.3239569,0.230100406,3.707159635,0.005114156,-8.822268283,0.483711569,0.261726192,24175.81768,0,
28,0112M_12CG_96HR,1,12,M,12CG,96HR,R6,16,,16,1:1,5:1,20230621,185346,78,496.9833141,0.308951644,5.544019173,0.004234274,-12.33536015,0.364142538,0.294076204,24235.56951,0,
25,0112M_12CP_96HR,1,12,M,12CP,96HR,R6,258,,258,1:1,5:1,20230621,180844,75,226.3513009,0.372563654,2.50882864,0.006217679,-18.60317928,0.532715278,0.287542475,24241.04729,0,
39,0112M_13CG_96HR,1,12,M,13CG,96HR,R6,269,,269,1:1,5:1,20230621,213852,89,404.5411609,0.199060132,12.39850091,0.016912978,1713.954553,3.309950196,0.293229841,24117.07689,0,
200,0112M_13CP_96HR,1,12,M,13CP,96HR,R6,31,,31,1:1,5:1,20230624,63350,79,294.8751231,0.258760739,3.471283154,0.005764786,41.77167596,0.617373657,0.31647746,23995.29887,0,
174,0112O_12CG_96HR,1,12,O,12CG,96HR,R6,254,,254,1:1,5:1,20230624,333,53,177.048018,0.419743515,1.972845484,0.00736769,-12.79542646,0.966525806,0.251468634,24077.96694,0,
57,0112O_12CP_96HR,1,12,O,12CP,96HR,R6,235,,235,1:1,5:1,20230622,20904,107,195.2864193,0.393365696,2.279295677,0.005963266,33.58248676,0.463839223,0.281137689,24098.69078,0,
81,0112O_13CG_96HR,1,12,O,13CG,96HR,R6,305,,305,1:1,5:1,20230622,82420,132,178.5390868,0.447678113,2.521784166,0.006060066,249.6988813,1.111923779,0.337848869,24105.54261,0,
90,0112O_13CP_96HR,1,12,O,13CP,96HR,R6,251,,251,1:1,5:1,20230622,103926,141,182.9532798,0.392398698,2.127097066,0.006156822,28.498486,0.565817683,0.341538248,24108.74254,0,
215,0115M_12CG_96HR,1,15,M,12CG,96HR,R6,224,,224,1:1,5:1,20230624,101900,94,346.7192481,0.191733688,3.864635698,0.004949091,-13.2437941,0.315860626,0.299262729,24051.64538,0,
175,0115M_12CP_96HR,1,15,M,12CP,96HR,R6,93,,93,1:1,5:1,20230624,1834,54,198.005191,0.374677266,2.475241651,0.006056153,106.7163768,0.535326194,0.296081394,24027.89901,0,
245,0115M_13CG_96HR,1,15,M,13CG,96HR,R6,264,,264,1:1,5:1,20230624,174920,124,439.1166344,0.191977652,16.0860113,0.021964522,2241.502441,3.995333763,0.336753064,24047.65701,0,
141,0115M_13CP_96HR,1,15,M,13CP,96HR,R6,36,,36,1:1,5:1,20230623,35150,41,229.1652296,0.285278446,2.711248331,0.005998962,48.1165678,0.625336801,0.254799045,24154.61451,0,
78,0115O_12CG_96HR,1,15,O,12CG,96HR,R6,230,,230,1:1,5:1,20230622,72418,128,609.427366,0.538952453,6.719192335,0.005042692,-23.90714681,0.311556205,0.29767458,24066.04832,0,
79,0115O_12CP_96HR,1,15,O,12CP,96HR,R6,242,,242,1:1,5:1,20230622,73919,129,672.4176505,0.529134701,7.412808174,0.006232479,-24.4730861,0.256553843,0.322074086,24045.21213,0,
93,0115O_13CG_96HR,1,15,O,13CG,96HR,R6,246,,246,1:1,5:1,20230622,112428,144,506.2163272,0.36149799,6.132510073,0.004760545,72.73039367,0.211953205,0.28691206,24100.87681,0,
190,0115O_13CP_96HR,1,15,O,13CP,96HR,R6,47,,47,1:1,5:1,20230624,40344,69,516.8226169,0.303908758,5.762504938,0.004279295,-12.73143169,0.246562209,0.286620539,24035.22591,0,
61,0202M_12CG_96HR,2,2,M,12CG,96HR,R5,14,,14,1:1,5:1,20230622,30906,111,717.6932388,0.649238954,8.061019479,0.007525631,-11.23768037,0.244055563,0.614885798,24013.75724,0,
170,0202M_12CP_96HR,2,2,M,12CP,96HR,R5,44,,44,1:1,5:1,20230623,230331,49,190.7927227,0.396347913,2.129541975,0.007492357,-12.75745221,0.918097391,0.340113292,24037.99721,0,
17,0202M_13CG_96HR,2,2,M,13CG,96HR,R5,129,,129,1:1,5:1,20230621,160839,67,492.0969449,0.276936701,20.01598657,0.030707794,2600.799002,4.457471129,0.310746688,24257.45493,0,
145,0202M_13CP_96HR,2,2,M,13CP,96HR,R5,52,,52,1:1,5:1,20230623,45153,45,288.6416501,0.295714352,3.509302141,0.005440115,75.56654019,0.276696441,0.337080587,24145.77977,0,
127,0202O_12CG_96HR,2,2,O,12CG,96HR,R5,17,,17,1:1,5:1,20230623,2138,27,84.67002196,0.619269106,0.949706172,0.009167775,-7.334674651,1.704976177,0.300456955,24212.70167,0,
46,0202O_12CP_96HR,2,2,O,12CP,96HR,R5,73,,73,1:1,5:1,20230621,232357,96,89.01563705,0.529280727,0.999274127,0.007129852,-6.369451105,1.452210706,0.300122223,24130.34377,0,
223,0202O_13CG_96HR,2,2,O,13CG,96HR,R5,15,,15,1:1,5:1,20230624,121905,102,97.69951474,0.510900745,1.53956064,0.006446708,395.198647,2.673872502,0.306034024,24050.87927,0,
96,0202O_13CP_96HR,2,2,O,13CP,96HR,R5,205,,205,1:1,5:1,20230622,120930,147,98.07142941,0.640651623,1.139614247,0.008123844,28.88236805,1.056353639,0.28965228,24078.89882,0,
27,0211M_12CG_96HR,2,11,M,12CG,96HR,R5,241,,241,1:1,5:1,20230621,183845,77,394.2188945,0.175901665,4.397008777,0.004416824,-12.53141081,0.389657832,0.293236912,24244.26673,0,
168,0211M_12CP_96HR,2,11,M,12CP,96HR,R5,2,,2,1:1,5:1,20230623,223329,47,271.0735713,0.300544518,3.029850767,0.007689965,-10.49615811,1.162591899,0.289945226,24074.89525,0,
106,0211M_13CG_96HR,2,11,M,13CG,96HR,R5,401,,401,1:1,5:1,20230622,190620,6,403.8976806,0.193599737,10.88474396,0.012420968,1386.666328,2.847411477,0.287619323,24454.80001,0,
62,0211M_13CP_96HR,2,11,M,13CP,96HR,R5,261,,261,1:1,5:1,20230622,32407,112,363.1143195,0.184491838,4.413627927,0.003843453,75.99499054,0.304596526,0.302454278,24095.58987,0,
50,0211O_12CG_96HR,2,11,O,12CG,96HR,R5,240,,240,1:1,5:1,20230622,2400,100,225.7083342,0.257208741,2.500505019,0.004806902,-19.22476479,0.311729605,0.296595062,24139.19699,0,
19,0211O_12CP_96HR,2,11,O,12CP,96HR,R5,19,,19,1:1,5:1,20230621,163840,69,250.9774882,0.27946946,2.783601425,0.00637758,-18.36959028,0.862755347,0.305072005,24282.37732,0,
195,0211O_13CG_96HR,2,11,O,13CG,96HR,R5,850,,850,1:1,5:1,20230624,51847,74,265.6964317,0.38302255,3.340318047,0.005334283,112.8875422,0.685449848,0.308133332,24052.05501,0,
247,0211O_13CP_96HR,2,11,O,13CP,96HR,R5,1,,1,1:1,5:1,20230624,181922,126,233.1502065,0.34756013,2.605491652,0.007228455,-11.07942061,0.898027458,0.313334284,23987.86373,0,
202,0218M_12CG_96HR,2,18,M,12CG,96HR,R5,230,,230,1:1,5:1,20230624,70352,81,425.9021022,0.198171106,4.735792493,0.004385952,-15.88439097,0.256635906,0.312018628,24046.60284,0,
207,0218M_12CP_96HR,2,18,M,12CP,96HR,R5,246,,246,1:1,5:1,20230624,81855,86,358.8063979,0.19094512,3.968248032,0.004878335,-21.19395372,0.599991741,0.31325547,24026.89761,0,
152,0218M_13CG_96HR,2,18,M,13CG,96HR,R5,1,,1,1:1,5:1,20230623,63700,52,379.958951,0.174946154,8.79620574,0.008860968,1048.551396,2.034180119,0.334378872,24142.11757,0,
44,0218M_13CP_96HR,2,18,M,13CP,96HR,R5,32,,32,1:1,5:1,20230621,225356,94,478.0973215,0.347077902,5.836460812,0.004805792,80.69874313,0.252635734,0.300285214,24112.61837,0,
15,0218O_12CG_96HR,2,18,O,12CG,96HR,R5,C3,,C3,1:1,5:1,20230621,153838,65,618.7491145,0.545121623,6.833386248,0.004930588,-22.98964363,0.376635536,0.337164318,24245.28166,0,
184,0218O_12CP_96HR,2,18,O,12CP,96HR,R5,233,,233,1:1,5:1,20230624,23340,63,825.2808453,0.911205585,9.091238163,0.009309325,-24.85576847,0.219725521,0.303994284,24087.26207,0,
102,0218O_13CG_96HR,2,18,O,13CG,96HR,R5,40,,40,1:1,5:1,20230622,180617,2,986.9537379,1.095518365,11.40087355,0.010667989,20.88113347,0.165672676,0.396776959,24529.80134,0,
233,0218O_13CP_96HR,2,18,O,13CP,96HR,R5,16,,16,1:1,5:1,20230624,144912,112,759.069961,0.793464968,8.404675429,0.008919107,-19.93634813,0.217361549,0.30801559,24054.28729,0,
42,0304M_12CG_96HR,3,4,M,12CG,96HR,R4,69,,69,1:1,5:1,20230621,222355,92,414.5314351,0.202351129,4.617237233,0.004329297,-13.92007154,0.337004668,0.295451904,24131.79223,0,
244,0304M_12CP_96HR,3,4,M,12CP,96HR,R4,G3,,G3,1:1,5:1,20230624,173420,123,241.3727204,0.365249079,2.674608983,0.005943165,-19.38988389,0.397012912,0.320593464,24049.34803,0,
99,0304M_13CG_96HR,3,4,M,13CG,96HR,R4,232,,232,1:1,5:1,20230622,125432,150,440.4839056,0.253797307,13.26861874,0.017053436,1667.515652,2.714768657,0.2903757,24044.52444,0,
222,0304M_13CP_96HR,3,4,M,13CP,96HR,R4,119,,119,1:1,5:1,20230624,120405,101,237.0239578,0.271511349,2.831948687,0.004715115,57.50811481,0.336472994,0.312020097,24023.15736,0,
88,0304O_12CG_96HR,3,4,O,12CG,96HR,R4,74,,74,1:1,5:1,20230622,100925,139,544.2341544,0.42770237,6.016253318,0.005132005,-21.16525177,0.239325363,0.286014678,24109.95905,0,
129,0304O_12CP_96HR,3,4,O,12CP,96HR,R4,7,,7,1:1,5:1,20230623,5140,29,421.4914239,0.208759025,4.856818604,0.004248177,20.88254891,0.31539242,0.253930919,24203.28477,0,
51,0304O_13CG_96HR,3,4,O,13CG,96HR,R4,244,,244,1:1,5:1,20230622,3900,101,468.6851555,0.316783123,5.981783286,0.00489763,129.6569255,0.236046734,0.311040848,24084.55277,0,
236,0304O_13CP_96HR,3,4,O,13CP,96HR,R4,239,,239,1:1,5:1,20230624,153415,115,429.3232727,0.260425046,5.22779477,0.004611129,77.67721992,0.308830792,0.316841644,24067.7879,0,
40,0308M_12CG_96HR,3,8,M,12CG,96HR,R4,A3,,A3,1:1,5:1,20230621,215353,90,339.7997487,0.200258097,3.810142645,0.00590817,-8.778378162,0.84807684,0.373884825,24089.35382,0,
198,0308M_12CP_96HR,3,8,M,12CP,96HR,R4,32,,32,1:1,5:1,20230624,60349,77,177.1553957,0.555022066,1.9656816,0.007704487,-17.88670317,0.686234219,0.309299957,24024.19245,0,
83,0308M_13CG_96HR,3,8,M,13CG,96HR,R4,219,,219,1:1,5:1,20230622,85422,134,257.8431091,0.320139561,8.346672706,0.009334801,1864.633433,5.99757983,0.340476736,24105.13383,0,
228,0308M_13CP_96HR,3,8,M,13CP,96HR,R4,11,,11,1:1,5:1,20230624,133408,107,267.841731,0.294646576,3.246305016,0.005230003,73.47492767,0.431680881,0.274754843,24036.57315,0,
240,0308O_12CG_96HR,3,8,O,12CG,96HR,R4,80,,80,1:1,5:1,20230624,163417,119,327.2815596,0.210737403,3.617171418,0.004813923,-21.88358163,0.449153668,0.316498118,24053.8703,0,
26,0308O_12CP_96HR,3,8,O,12CP,96HR,R4,877,,877,1:1,5:1,20230621,182344,76,387.2532364,0.193472207,4.285567545,0.004031844,-20.33456156,0.36001753,0.299306641,24260.29321,0,
56,0308O_13CG_96HR,3,8,O,13CG,96HR,R4,290,,290,1:1,5:1,20230622,15403,106,368.0970266,0.204794113,4.896009682,0.004556112,176.9955672,0.462132718,0.325972204,24097.40392,0,
33,0308O_13CP_96HR,3,8,O,13CP,96HR,R4,593,,593,1:1,5:1,20230621,200849,83,364.6282554,0.17163506,4.139928812,0.004310725,5.31632205,0.316077895,0.287384884,24163.7861,0,
172,0316M_12CG_96HR,3,16,M,12CG,96HR,R4,972,,972,1:1,5:1,20230623,233332,51,511.9709911,0.294707437,5.861846917,0.004055196,13.50843748,0.464116896,0.302131989,24055.6302,0,
239,0316M_12CP_96HR,3,16,M,12CP,96HR,R4,269,,269,1:1,5:1,20230624,161916,118,221.6315038,0.34756775,2.454081737,0.006336743,-20.17163538,0.560401359,0.319723058,24054.61927,0,
167,0316M_13CG_96HR,3,16,M,13CG,96HR,R4,4,,4,1:1,5:1,20230623,221828,46,510.6720474,0.322416725,20.23605202,0.030447981,2509.413698,3.980477841,0.286600663,24080.25951,0,
63,0316M_13CP_96HR,3,16,M,13CP,96HR,R4,28,,28,1:1,5:1,20230622,33908,113,278.4848799,0.239843675,3.548653555,0.004515355,127.4555218,0.414127634,0.33111827,24088.03841,0,
153,0316O_12CG_96HR,3,16,O,12CG,96HR,R4,662,,662,1:1,5:1,20230623,65201,53,572.2721581,0.489920867,6.31733576,0.00480193,-23.50358332,0.372937668,0.340636578,24161.45716,0,
197,0316O_12CP_96HR,3,16,O,12CP,96HR,R4,53,,53,1:1,5:1,20230624,54848,76,708.7664538,0.529421548,7.805612285,0.005453181,-25.36430825,0.212945249,0.316868426,24011.3377,0,
65,0316O_13CG_96HR,3,16,O,13CG,96HR,R4,271,,271,1:1,5:1,20230622,40909,115,662.5084787,0.587746703,8.057050256,0.007399432,76.77088066,0.273418096,0.292913738,24091.00333,0,
104,0316O_13CP_96HR,3,16,O,13CP,96HR,R4,B3,,B3,1:1,5:1,20230622,183618,4,619.8071915,0.483197959,7.394656746,0.004965982,55.3259298,0.27179563,0.342386689,24439.47512,0,
12,0402O_12CG_96HR,4,2,O,12CG,96HR,R3,B3,,B3,1:1,5:1,20230621,145336,62,266.6163159,0.322954382,2.958739645,0.006168136,-17.9249434,0.606230986,0.314999111,24276.68804,0,
166,0402O_12CP_96HR,4,2,O,12CP,96HR,R3,191,,191,1:1,5:1,20230623,220328,45,233.1058928,0.329588693,2.586243508,0.00555681,-17.72283568,0.662062493,0.285517198,24083.18649,0,
89,0402O_13CG_96HR,4,2,O,13CG,96HR,R3,2,,2,1:1,5:1,20230622,102426,140,251.0309129,0.331036891,3.078303608,0.005128957,85.24973992,0.443155369,0.320932193,24093.05087,0,
18,0402O_13CP_96HR,4,2,O,13CP,96HR,R3,265,,265,1:1,5:1,20230621,162339,68,257.6233176,0.303572072,2.929423184,0.00857416,6.230594863,1.37601159,0.310593672,24268.12339,0,
133,0404O_12CG_96HR,4,4,O,12CG,96HR,R3,972,,972,1:1,5:1,20230623,15144,33,321.0792919,0.198949192,3.550466394,0.004618497,-20.42812736,0.455630473,0.258938928,24193.06661,0,
80,0404O_12CP_96HR,4,4,O,12CP,96HR,R3,403,,403,1:1,5:1,20230622,75419,130,336.3262134,0.268802009,3.739462816,0.00496967,-17.44628964,0.233606642,0.398900621,24026.97129,0,
150,0404O_13CG_96HR,4,4,O,13CG,96HR,R3,E3,,E3,1:1,5:1,20230623,60658,50,290.1452591,0.216855064,3.565335561,0.004800586,88.47478242,0.394161305,0.268364278,24164.81571,0,
115,0404O_13CP_96HR,4,4,O,13CP,96HR,R3,212,,212,1:1,5:1,20230622,212127,15,399.8196693,0.191901418,4.478055404,0.004229986,-7.769648223,0.293748744,0.258408852,24277.14958,0,
188,0416O_12CG_96HR,4,16,O,12CG,96HR,R3,19,,19,1:1,5:1,20230624,33343,67,723.1581747,0.761025666,7.974046154,0.006577764,-23.28601782,0.227334672,0.266741562,24056.82923,0,
157,0416O_12CP_96HR,4,16,O,12CP,96HR,R3,17,,17,1:1,5:1,20230623,194821,36,731.6460279,0.468542118,8.13690064,0.00824061,-14.95160262,1.208561722,0.259740162,24076.15493,0,
146,0416O_13CG_96HR,4,16,O,13CG,96HR,R3,78,,78,1:1,5:1,20230623,50654,46,798.4427602,0.812562268,9.197141605,0.009445094,18.97377936,0.248769122,0.341638493,24160.39251,0,
160,0416O_13CP_96HR,4,16,O,13CP,96HR,R3,238,,238,1:1,5:1,20230623,203324,39,805.7304848,0.782118992,8.944389283,0.005801464,-16.92440202,0.511006967,0.276165154,24078.73135,0,
5,0508M_12CG_96HR,5,8,M,12CG,96HR,R3,17,,17,1:1,5:1,20230621,130831,55,413.8063545,0.175564735,4.619120869,0.005352004,-12.22978889,0.678714845,0.316346511,24265.3428,0,
73,0508M_12CP_96HR,5,8,M,12CP,96HR,R3,216,,216,1:1,5:1,20230622,60915,123,248.5307402,0.364306764,2.756179904,0.00584336,-19.27670962,0.546124123,0.358740885,24070.13185,0,
75,0508M_13CG_96HR,5,8,M,13CG,96HR,R3,280,,280,1:1,5:1,20230622,63916,125,429.5183881,0.208196768,14.26877253,0.018652994,1942.155592,4.473227346,0.28673374,24073.47955,0,
86,0508M_13CP_96HR,5,8,M,13CP,96HR,R3,80,,80,1:1,5:1,20230622,93924,137,330.862393,0.250457586,4.031319499,0.004618124,78.95095008,0.342355777,0.283595892,24086.69128,0,
126,0508O_12CG_96HR,5,8,O,12CG,96HR,R3,544,,544,1:1,5:1,20230623,637,26,198.2703877,0.462575404,2.201619048,0.006701073,-16.60627406,0.617051907,0.275486595,24236.49742,0,
230,0508O_12CP_96HR,5,8,O,12CP,96HR,R3,78,,78,1:1,5:1,20230624,140410,109,185.3098634,0.307222532,2.055058457,0.005486876,-18.33071965,0.644445187,0.302843247,24054.38174,0,
92,0508O_13CG_96HR,5,8,O,13CG,96HR,R3,245,,245,1:1,5:1,20230622,110928,143,249.4271667,0.278635258,3.541362862,0.004224546,257.5320386,0.883882556,0.280490019,24082.53552,0,
94,0508O_13CP_96HR,5,8,O,13CP,96HR,R3,209,,209,1:1,5:1,20230622,113929,145,191.2350399,0.430389994,2.169620924,0.006500223,3.702261269,0.60834994,0.332728923,24052.99277,0,
68,0512M_12CG_96HR,5,12,M,12CG,96HR,R3,68,,68,1:1,5:1,20230622,45411,118,382.2447314,0.236822943,4.233684272,0.00541874,-19.47225999,0.476804682,0.297168458,24075.88349,0,
119,0512M_12CP_96HR,5,12,M,12CP,96HR,R3,234,,234,1:1,5:1,20230622,222131,19,330.5952364,0.174779515,3.647595788,0.004335977,-22.43930542,0.458317457,0.251902592,24254.34815,0,
128,0512M_13CG_96HR,5,12,M,13CG,96HR,R3,265,,265,1:1,5:1,20230623,3639,28,370.3381216,0.187543876,6.965712811,0.006817487,666.739435,1.214100897,0.251103592,24224.11666,0,
22,0512M_13CP_96HR,5,12,M,13CP,96HR,R3,96,,96,1:1,5:1,20230621,172342,72,401.1268235,0.199565264,4.713868077,0.003969295,39.98971918,0.45584203,0.316596051,24252.51983,0,
241,0512O_12CG_96HR,5,12,O,12CG,96HR,R3,235,,235,1:1,5:1,20230624,164918,120,751.4593453,0.705986651,8.267795288,0.007899861,-26.26609108,0.108112718,0.314300598,24022.92499,0,
208,0512O_12CP_96HR,5,12,O,12CP,96HR,R3,96,,96,1:1,5:1,20230624,83356,87,802.3482823,0.815157019,8.827526131,0.00848488,-26.30412415,0.168315239,0.316674961,24022.42616,0,
67,0512O_13CG_96HR,5,12,O,13CG,96HR,R3,51,,51,1:1,5:1,20230622,43911,117,897.1148843,0.957862791,10.51494993,0.010138613,37.23744151,0.229906338,0.319390499,24034.63411,0,
227,0512O_13CP_96HR,5,12,O,13CP,96HR,R3,228,,228,1:1,5:1,20230624,131908,106,960.3183011,1.264076638,10.62326782,0.013537442,-20.9566757,0.145335511,0.313989924,24050.42653,0,
164,0515M_12CG_96HR,5,15,M,12CG,96HR,R3,12,,12,1:1,5:1,20230623,213326,43,371.4429713,0.165753025,4.144417798,0.004823242,-12.0190554,0.618328373,0.283866575,24065.45555,0,
20,0515M_12CP_96HR,5,15,M,12CP,96HR,R3,81,,81,1:1,5:1,20230621,165341,70,261.6241593,0.270784186,2.904677783,0.005112486,-17.25773745,0.393867794,0.308318847,24256.8746,0,
9,0515M_13CG_96HR,5,15,M,13CG,96HR,R3,I3,,I3,1:1,5:1,20230621,140834,59,354.5640889,0.187984358,10.68031258,0.012278035,1666.535416,3.72055452,0.315205626,24282.03615,0,
158,0515M_13CP_96HR,5,15,M,13CP,96HR,R3,401,,401,1:1,5:1,20230623,200322,37,286.1241393,0.561558883,3.477622278,0.012211574,76.90748742,1.402820904,0.238424234,24320.6584,0,
66,0515O_12CG_96HR,5,15,O,12CG,96HR,R3,268,,268,1:1,5:1,20230622,42410,116,736.8476201,0.695817534,8.120739197,0.00724976,-24.31252537,0.26008284,0.298288642,24085.87363,0,
30,0515O_12CP_96HR,5,15,O,12CP,96HR,R3,36,,36,1:1,5:1,20230621,192347,80,637.7942947,0.612227048,7.028951849,0.006365923,-24.1590008,0.199472685,0.285754683,24193.70347,0,
171,0515O_13CG_96HR,5,15,O,13CG,96HR,R3,C3,,C3,1:1,5:1,20230623,231831,50,656.139346,0.612446809,7.958684641,0.005595249,74.39288356,0.357200537,0.266270874,24089.30356,0,
191,0515O_13CP_96HR,5,15,O,13CP,96HR,R3,51,,51,1:1,5:1,20230624,41845,70,634.6321341,0.504406259,7.043734595,0.005808681,-17.18664913,0.240130995,0.284029411,24061.77581,0,
181,0605O_12CG_96HR,6,5,O,12CG,96HR,R6,9,,9,1:1,5:1,20230624,14838,60,511.101835,0.257411094,5.72505141,0.003636577,-8.457917151,0.380578764,0.303498264,24069.52367,0,
23,0605O_12CP_96HR,6,5,O,12CP,96HR,R6,40,,40,1:1,5:1,20230621,173843,73,492.5517075,0.318515729,5.471007539,0.00480386,-16.81891434,0.306883063,0.304646639,24273.04942,0,
11,0605O_13CG_96HR,6,5,O,13CG,96HR,R6,210,,210,1:1,5:1,20230621,143835,61,446.7574516,0.266226891,5.307463518,0.004027983,51.33045999,0.277160946,0.318581789,24280.92805,0,
14,0605O_13CP_96HR,6,5,O,13CP,96HR,R6,273,,273,1:1,5:1,20230621,152337,64,466.7656222,0.267785755,5.293349588,0.004407801,3.618754631,0.343560924,0.316138021,24280.44838,0,
143,0607O_12CG_96HR,6,7,O,12CG,96HR,R6,13,,13,1:1,5:1,20230623,42151,43,424.833051,0.166094115,4.698431584,0.004437454,-21.39343973,0.338826335,0.327699372,24140.69268,0,
72,0607O_12CP_96HR,6,7,O,12CP,96HR,R6,254,,254,1:1,5:1,20230622,55414,122,433.2770155,0.199038242,4.892612959,0.003783787,-0.879931535,0.303927399,0.329804144,24080.35201,0,
211,0607O_13CG_96HR,6,7,O,13CG,96HR,R6,54,,54,1:1,5:1,20230624,91858,90,405.2486735,0.201921713,4.909744681,0.004345086,72.72552216,0.24696842,0.289581722,24053.31667,0,
35,0607O_13CP_96HR,6,7,O,13CP,96HR,R6,95,,95,1:1,5:1,20230621,203850,85,376.8680533,0.173583549,4.200385386,0.00485987,-13.13798459,0.435895205,0.288856361,24135.68384,0,
84,0615O_12CG_96HR,6,15,O,12CG,96HR,R6,212,,212,1:1,5:1,20230622,90923,135,847.4853747,0.948285047,9.342039157,0.008161925,-24.57247954,0.292989081,0.322377556,24101.15363,0,
194,0615O_12CP_96HR,6,15,O,12CP,96HR,R6,7,,7,1:1,5:1,20230624,50346,73,884.0169178,0.942369229,9.728085479,0.008952673,-25.97131996,0.197780998,0.308044019,24014.52805,0,
154,0615O_13CG_96HR,6,15,O,13CG,96HR,R6,270,,270,1:1,5:1,20230623,70702,54,762.5351421,0.768011998,8.763776729,0.00813537,16.91328917,0.162298432,0.329201846,24151.0889,0,
107,0615O_13CP_96HR,6,15,O,13CP,96HR,R6,203,,203,1:1,5:1,20230622,192121,7,861.0993139,0.864031102,9.686284149,0.007597203,-4.41975602,0.301991711,0.311155062,24372.08907,0,
234,0706O_12CG_96HR,7,6,O,12CG,96HR,R2,43,,43,1:1,5:1,20230624,150413,113,203.1659772,0.396200221,2.260658894,0.005881938,-15.31684788,0.427739326,0.316753865,24040.10286,0,
221,0706O_12CP_96HR,7,6,O,12CP,96HR,R2,244,,244,1:1,5:1,20230624,114904,100,186.9567491,0.315169412,2.092261704,0.005685109,-9.564835555,0.584585882,0.313918611,24073.61333,0,
186,0706O_13CG_96HR,7,6,O,13CG,96HR,R2,563,,563,1:1,5:1,20230624,30341,65,206.068294,0.357046443,2.785782483,0.006490555,197.4340764,0.805859975,0.273129841,24071.34888,0,
118,0706O_13CP_96HR,7,6,O,13CP,96HR,R2,402,,402,1:1,5:1,20230622,220630,18,167.56113,0.435797349,1.887015787,0.007110067,-2.437397146,0.748162213,0.258037857,24272.94966,0,
165,0713O_12CG_96HR,7,13,O,12CG,96HR,R2,260,,260,1:1,5:1,20230623,214827,44,229.0398737,0.345328659,2.554811095,0.006244483,-11.84006504,0.671786045,0.256293961,24094.79247,0,
48,0713O_12CP_96HR,7,13,O,12CP,96HR,R2,12,,12,1:1,5:1,20230621,235358,98,233.342989,0.296042088,2.602084029,0.006030719,-12.79562144,0.589114813,0.293750577,24070.73507,0,
224,0713O_13CG_96HR,7,13,O,13CG,96HR,R2,271,,271,1:1,5:1,20230624,123406,103,215.5767203,0.273035069,2.728788601,0.0050852,120.4307565,0.407742961,0.309393542,24082.35739,0,
71,0713O_13CP_96HR,7,13,O,13CP,96HR,R2,972,,972,1:1,5:1,20230622,53913,121,220.0285241,0.39104317,2.479629413,0.006334211,-3.205479455,0.681224069,0.345618763,24025.7765,0,
76,0716O_12CG_96HR,7,16,O,12CG,96HR,R2,401,,401,1:1,5:1,20230622,65417,126,228.0392144,0.72953737,2.544955094,0.010281494,-12.08671312,0.69874857,0.297189858,24009.84726,0,
,0716O_12CG_96HR,7,16,O,12CG,96HR,R2,402,,402,1:1,5:1,20230622,80920,131,263.2772916,0.347073086,2.920203464,0.006456408,-18.79410576,0.552787817,0.338140011,24047.03259,0,*rerun
6,0716O_12CP_96HR,7,16,O,12CP,96HR,R2,66,,66,1:1,5:1,20230621,132332,56,194.929027,0.451945999,2.168052288,0.007615332,-15.77409292,0.865873496,0.317222072,24272.08102,0,
189,0716O_13CG_96HR,7,16,O,13CG,96HR,R2,13,,13,1:1,5:1,20230624,34844,68,220.4892953,0.407979001,2.654002298,0.006133927,66.42580302,0.669378686,0.257093775,24058.00182,0,
110,0716O_13CP_96HR,7,16,O,13CP,96HR,R2,58,,58,1:1,5:1,20230622,200623,10,169.0253016,0.469097938,1.906967682,0.006875251,-2.193523257,0.902707369,0.344857277,24320.08608,0,
123,0807M_12CG_96HR,8,7,M,12CG,96HR,R2,230,,230,1:1,5:1,20230622,232134,23,299.7555355,0.215606953,3.345654293,0.004690958,-10.95848235,0.35826853,0.242220906,24250.01005,0,
219,0807M_12CP_96HR,8,7,M,12CP,96HR,R2,226,,226,1:1,5:1,20230624,111902,98,194.0234247,0.337565486,2.155125465,0.006788666,-16.90574192,0.967093633,0.307939122,24073.23213,0,
137,0807M_13CG_96HR,8,7,M,13CG,96HR,R2,254,,254,1:1,5:1,20230623,25147,37,330.5407865,0.227243046,11.76471911,0.014147908,2153.474717,5.3808416,0.269136829,24196.68156,0,
41,0807M_13CP_96HR,8,7,M,13CP,96HR,R2,259,,259,1:1,5:1,20230621,220854,91,233.9954787,0.295026978,2.849482425,0.005217679,78.11627934,0.409583094,0.297416468,24149.03672,0,
179,0807O_12CG_96HR,8,7,O,12CG,96HR,R2,305,,305,1:1,5:1,20230624,11836,58,161.9657221,0.469258913,1.805320909,0.007365227,-13.55606044,0.908788343,0.311012383,24055.68213,0,
29,0807O_12CP_96HR,8,7,O,12CP,96HR,R2,207,,207,1:1,5:1,20230621,190846,79,161.3070424,0.457451537,1.7937463,0.007685189,-15.64447646,1.162978334,0.293851749,24198.55402,0,
45,0807O_13CG_96HR,8,7,O,13CG,96HR,R2,46,,46,1:1,5:1,20230621,230856,95,148.6425713,0.460570739,2.127613777,0.005948002,267.5515868,1.511917005,0.287937125,24099.4567,0,
132,0807O_13CP_96HR,8,7,O,13CP,96HR,R2,240,,240,1:1,5:1,20230623,13643,32,153.7911349,0.44519367,1.756564672,0.007333046,11.78344497,0.60268325,0.259952993,24198.09001,0,
192,0808M_12CG_96HR,8,8,M,12CG,96HR,R2,274,,274,1:1,5:1,20230624,43346,71,255.8454948,0.328791878,2.857446001,0.006105321,-11.47598827,0.449767268,0.309525482,24056.89096,0,
237,0808M_12CP_96HR,8,8,M,12CP,96HR,R2,74,,74,1:1,5:1,20230624,154915,116,189.0399776,0.349598148,2.096943536,0.005508198,-18.54347366,0.546045181,0.325127738,24043.01699,0,
134,0808M_13CG_96HR,8,8,M,13CG,96HR,R2,32,,32,1:1,5:1,20230623,20645,34,275.9697185,0.282426172,8.049079717,0.007694301,1584.581873,4.564065849,0.258408423,24185.51356,0,
163,0808M_13CP_96HR,8,8,M,13CP,96HR,R2,72,,72,1:1,5:1,20230623,211826,42,240.4658971,0.28084708,2.941290958,0.005853961,83.73529639,0.43580358,0.249959337,24115.02053,0,
69,0808O_12CG_96HR,8,8,O,12CG,96HR,R2,563,,563,1:1,5:1,20230622,50912,119,537.7943423,0.31559452,5.927598229,0.004031603,-24.03224846,0.228195878,0.287054285,24063.02638,0,
24,0808O_12CP_96HR,8,8,O,12CP,96HR,R2,58,,58,1:1,5:1,20230621,175343,74,575.4357476,0.441332282,6.340365702,0.004602282,-24.42605313,0.259044714,0.289383997,24284.55437,0,
58,0808O_13CG_96HR,8,8,O,13CG,96HR,R2,53,,53,1:1,5:1,20230622,22405,108,460.9800307,0.229720898,5.556837151,0.004354021,66.85163919,0.254431513,0.315098977,24054.96009,0,
210,0808O_13CP_96HR,8,8,O,13CP,96HR,R2,267,,267,1:1,5:1,20230624,90357,89,484.9910581,0.312157229,5.418440622,0.004341067,-10.78494888,0.287502212,0.288282936,24051.28055,0,
216,0811M_12CG_96HR,8,11,M,12CG,96HR,R2,73,,73,1:1,5:1,20230624,103401,95,291.9543352,0.223111433,3.258550047,0.004980282,-12.06365175,0.542775939,0.30756396,24065.95433,0,
70,0811M_12CP_96HR,8,11,M,12CP,96HR,R2,238,,238,1:1,5:1,20230622,52413,120,231.9863764,0.426893341,2.571435913,0.006689117,-19.10905712,0.578363466,0.321627212,24055.09591,0,
112,0811M_13CG_96HR,8,11,M,13CG,96HR,R2,403,,403,1:1,5:1,20230622,203625,12,303.0346994,0.20890005,9.106747375,0.010244934,1662.660021,4.169624536,0.265875918,24318.49252,0,
148,0811M_13CP_96HR,8,11,M,13CP,96HR,R2,15,,15,1:1,5:1,20230623,53656,48,327.6630322,0.294999118,3.930222849,0.005201637,61.22190474,0.316436561,0.333244762,24158.88458,0,
209,0811O_12CG_96HR,8,11,O,12CG,96HR,R2,218,,218,1:1,5:1,20230624,84856,88,284.4931593,0.307467417,3.149693165,0.00557883,-19.99825825,0.507505931,0.305324811,24043.64094,0,
38,0811O_12CP_96HR,8,11,O,12CP,96HR,R2,239,,239,1:1,5:1,20230621,212352,88,322.5963849,0.127862025,3.561564897,0.004419318,-22.51829429,0.335930818,0.291895624,24134.77263,0,
111,0811O_13CG_96HR,8,11,O,13CG,96HR,R2,59,,59,1:1,5:1,20230622,202124,11,353.0396264,0.156432653,4.215139341,0.003680641,56.92584765,0.431029078,0.30324969,24312.42138,0,
225,0811O_13CP_96HR,8,11,O,13CP,96HR,R2,81,,81,1:1,5:1,20230624,124906,104,271.0511173,0.204516136,3.027952764,0.005558099,-11.42838855,0.585932566,0.314053296,24075.49494,0,
117,0905M_12CG_96HR,9,5,M,12CG,96HR,R1,259,,259,1:1,5:1,20230622,215129,17,336.4714806,0.171531525,3.732398489,0.004903087,-17.86433539,0.50371836,0.291508717,24279.06764,0,
97,0905M_12CP_96HR,9,5,M,12CP,96HR,R1,31,,31,1:1,5:1,20230622,122431,148,271.7893892,0.238083376,3.014756269,0.004653058,-18.43585047,0.38980152,0.318343088,24054.29822,0,
47,0905M_13CG_96HR,9,5,M,13CG,96HR,R1,264,,264,1:1,5:1,20230621,233858,97,288.4705291,0.196889512,5.878816029,0.005300641,804.6112301,2.067451912,0.292978022,24124.03048,0,
205,0905M_13CP_96HR,9,5,M,13CP,96HR,R1,36,,36,1:1,5:1,20230624,74853,84,313.1358248,0.192551207,3.697564682,0.004063605,45.09244638,0.419884591,0.31246249,24032.90542,0,
136,0905O_12CG_96HR,9,5,O,12CG,96HR,R1,30,,30,1:1,5:1,20230623,23646,36,782.6447618,0.694993399,8.641383452,0.006842258,-22.713626,0.229166054,0.308708774,24177.1531,0,
144,0905O_12CP_96HR,9,5,O,12CP,96HR,R1,228,,228,1:1,5:1,20230623,43652,44,541.2180779,0.28212731,6.006186778,0.004967832,-19.03898958,0.344426495,0.388721894,24143.49682,0,
180,0905O_13CG_96HR,9,5,O,13CG,96HR,R1,265,,265,1:1,5:1,20230624,13337,59,866.3686222,0.905004486,10.05808504,0.009818568,27.45739877,0.284416471,0.316082266,24050.1273,0,
212,0905O_13CP_96HR,9,5,O,13CP,96HR,R1,204,,204,1:1,5:1,20230624,93358,91,715.3627077,0.691279571,7.922910585,0.007379022,-19.35645425,0.218347065,0.287836748,24058.14788,0,
36,0912M_12CG_96HR,9,12,M,12CG,96HR,R1,H3,,H3,1:1,5:1,20230621,205351,86,344.9427056,0.207772362,3.833141855,0.00456764,-17.83653955,0.392597603,0.389203382,24132.03053,0,
131,0912M_12CP_96HR,9,12,M,12CP,96HR,R1,I3,,I3,1:1,5:1,20230623,12142,31,89.38346277,0.65277067,1.011816632,0.008530934,1.82455223,1.075622128,0.307244345,24202.4789,0,
109,0912M_13CG_96HR,9,12,M,13CG,96HR,R1,C3,,C3,1:1,5:1,20230622,195123,9,322.6982532,0.240765559,6.146339381,0.00534638,686.4769431,1.790579453,0.296515254,24336.72621,0,
151,0912M_13CP_96HR,9,12,M,13CP,96HR,R1,25,,25,1:1,5:1,20230623,62159,51,326.6434506,0.216686432,3.939181124,0.004430827,67.24336816,0.513000708,0.318433773,24124.25207,0,
82,0912O_12CG_96HR,9,12,O,12CG,96HR,R1,202,,202,1:1,5:1,20230622,83921,133,440.3962288,0.236786406,4.871491513,0.004964976,-21.27709506,0.541493288,0.3278948,24091.04096,0,
91,0912O_12CP_96HR,9,12,O,12CP,96HR,R1,4,,4,1:1,5:1,20230622,105427,142,290.616064,0.212258683,3.225221546,0.00495951,-18.74557523,0.5482155,0.368792378,24082.60928,0,
177,0912O_13CG_96HR,9,12,O,13CG,96HR,R1,402,,402,1:1,5:1,20230624,4835,56,317.0595793,0.247864313,3.914611739,0.005007005,92.14525839,0.37742956,0.344346816,24024.04112,0,
100,0912O_13CP_96HR,9,12,O,13CP,96HR,R1,35,,35,1:1,5:1,20230622,130933,21,501.202475,0.325947181,5.602214977,0.004847425,-11.23739205,0.362049849,0.340084584,24051.90375,0,
232,0916M_12CG_96HR,9,16,M,12CG,96HR,R1,211,,211,1:1,5:1,20230624,143411,111,302.8135289,0.141830671,3.415188223,0.003837614,-1.42992662,0.376052716,0.291462796,24081.99626,0,
178,0916M_12CP_96HR,9,16,M,12CP,96HR,R1,290,,290,1:1,5:1,20230624,10336,57,219.8250859,0.333280721,2.438753459,0.006063311,-17.82027694,0.565681185,0.29049699,24092.54653,0,
199,0916M_13CG_96HR,9,16,M,13CG,96HR,R1,219,,219,1:1,5:1,20230624,61850,78,258.1778341,0.286517575,6.345266061,0.006091242,1175.858014,3.453813003,0.310586466,24038.02921,0,
2,0916M_13CP_96HR,9,16,M,13CP,96HR,R1,206,,206,1:1,5:1,20230621,122329,52,280.0529563,0.276536481,3.491113359,0.008856675,102.7321693,1.392434631,0.336430692,24288.53455,0,
32,0916O_12CG_96HR,9,16,O,12CG,96HR,R1,11,,11,1:1,5:1,20230621,195348,82,394.2164157,0.209441487,4.368476175,0.004224663,-18.96008522,0.427177201,0.296270864,24146.82949,0,
169,0916O_12CP_96HR,9,16,O,12CP,96HR,R1,I3,,I3,1:1,5:1,20230623,224830,48,374.3419012,0.192916837,4.142500782,0.005056931,-20.2027518,0.549695039,0.28712657,24095.63415,0,
116,0916O_13CG_96HR,9,16,O,13CG,96HR,R1,28,,28,1:1,5:1,20230622,213628,16,367.3899017,0.160411747,4.533792254,0.00397483,93.06196715,0.396300806,0.26883705,24264.4129,0,
10,0916O_13CP_96HR,9,16,O,13CP,96HR,R1,262,,262,1:1,5:1,20230621,142334,60,396.7301428,0.155574081,4.442193417,0.005275693,-8.997939853,0.791659112,0.308443038,24280.88102,0,
238,1005O_12CG_96HR,10,5,O,12CG,96HR,R5,25,,25,1:1,5:1,20230624,160416,117,688.4042831,0.72633991,7.634867075,0.007420939,-18.40468666,0.269525582,0.311865193,23996.35246,0,
147,1005O_12CP_96HR,10,5,O,12CP,96HR,R5,209,,209,1:1,5:1,20230623,52156,47,742.3308286,0.644447928,8.210314902,0.00644537,-20.58617785,0.215444526,0.28325435,24165.00488,0,
53,1005O_13CG_96HR,10,5,O,13CG,96HR,R5,47,,47,1:1,5:1,20230622,10901,103,677.6540668,0.657666824,8.025052505,0.008113647,48.02834731,0.221418797,0.318226613,24073.53115,0,
130,1005O_13CP_96HR,10,5,O,13CP,96HR,R5,216,,216,1:1,5:1,20230623,10641,30,631.1688344,0.518488817,7.018131018,0.006197397,-15.31326622,0.178387338,0.277765562,24212.85473,0,
201,1015O_12CG_96HR,10,15,O,12CG,96HR,R5,89,,89,1:1,5:1,20230624,64851,80,588.9767068,0.451482384,6.50645531,0.004623476,-22.281282,0.294256031,0.313543761,24023.87036,0,
101,1015O_12CP_96HR,10,15,O,12CP,96HR,R5,232,,232,1:1,5:1,20230622,175116,1,740.319366,0.678985277,8.207912546,0.005220612,-22.21523967,0.28137676,0.51186693,24634.17117,0,
243,1015O_13CG_96HR,10,15,O,13CG,96HR,R5,45,,45,1:1,5:1,20230624,171919,122,511.3073983,0.277414743,6.074490407,0.004795935,51.24474589,0.274364468,0.325930174,24031.31651,0,
8,1015O_13CP_96HR,10,15,O,13CP,96HR,R5,59,,59,1:1,5:1,20230621,135333,58,607.4061879,0.582993128,6.773460659,0.005860027,-13.03475656,0.325442264,0.313809634,24282.93457,0,
120,1018O_12CG_96HR,10,18,O,12CG,96HR,R5,119,,119,1:1,5:1,20230622,223632,20,521.1987151,0.355423503,5.745089605,0.005010248,-23.33454122,0.269848742,0.248688527,24244.25444,0,
142,1018O_12CP_96HR,10,18,O,12CP,96HR,R5,45,,45,1:1,5:1,20230623,40651,42,471.6498406,0.282737956,5.198288013,0.004249922,-23.38154966,0.382299238,0.244658058,24153.23185,0,
122,1018O_13CG_96HR,10,18,O,13CG,96HR,R5,808,,808,1:1,5:1,20230622,230634,22,436.9518094,0.265214461,5.148370117,0.004546372,44.0108134,0.395417993,0.248717214,24243.8013,0,
246,1018O_13CP_96HR,10,18,O,13CP,96HR,R5,256,,256,1:1,5:1,20230624,180421,125,562.889264,0.395308494,6.287404076,0.004628302,-11.4292972,0.531053681,0.310523526,24056.86758,0,
206,1107O_12CG_96HR,11,7,O,12CG,96HR,R4,207,,207,1:1,5:1,20230624,80354,85,453.6865458,0.242131184,5.237475796,0.004431544,21.70454468,0.270977019,0.31611134,24035.66559,0,
176,1107O_12CP_96HR,11,7,O,12CP,96HR,R4,14,,14,1:1,5:1,20230624,3334,55,452.246794,0.218441706,5.001650179,0.004258646,-20.26703166,0.399687799,0.260517664,24067.38432,0,
55,1107O_13CG_96HR,11,7,O,13CG,96HR,R4,44,,44,1:1,5:1,20230622,13903,105,514.9902426,0.370959143,6.42508197,0.006197165,104.4838812,0.311442979,0.300584218,24077.53895,0,
124,1107O_13CP_96HR,11,7,O,13CP,96HR,R4,84,,84,1:1,5:1,20230622,233635,24,434.1790154,0.213166521,4.921134325,0.003838103,4.144284906,0.244167227,0.258665442,24242.69282,0,
156,1109O_12CG_96HR,11,9,O,12CG,96HR,R4,72,,72,1:1,5:1,20230623,73703,56,769.3943611,0.772325971,8.477928759,0.007603796,-25.10735376,0.171336029,0.334151469,24172.06625,0,
85,1109O_12CP_96HR,11,9,O,12CP,96HR,R4,850,,850,1:1,5:1,20230622,92423,136,811.5710065,0.853100144,9.109121426,0.008294799,-6.996671965,0.220940635,0.335470442,24100.3622,0,
95,1109O_13CG_96HR,11,9,O,13CG,96HR,R4,191,,191,1:1,5:1,20230622,115430,146,752.5429553,0.900188493,8.697541025,0.009107799,23.52127296,0.22213741,0.279299526,24093.81575,0,
4,1109O_13CP_96HR,11,9,O,13CP,96HR,R4,7,,7,1:1,5:1,20230621,125331,54,692.1773534,0.664239398,7.713983336,0.005414734,-13.96199104,0.455690266,0.326923896,24274.9848,0,
242,1115O_12CG_96HR,11,15,O,12CG,96HR,R4,206,,206,1:1,5:1,20230624,170419,121,946.6922752,1.015504478,10.8259067,0.010833242,11.99380043,0.149122098,0.319465939,24018.39578,0,
196,1115O_12CP_96HR,11,15,O,12CP,96HR,R4,209,,209,1:1,5:1,20230624,53348,75,1017.522763,1.132472524,11.23941776,0.010901728,-22.36725951,0.168414596,0.311252463,24023.12735,0,
125,1115O_13CG_96HR,11,15,O,13CG,96HR,R4,224,,224,1:1,5:1,20230622,235136,25,847.7236266,0.807313901,9.766298414,0.010399673,14.65683147,0.143709329,0.589333432,24206.9605,0,
74,1115O_13CP_96HR,11,15,O,13CP,96HR,R4,808,,808,1:1,5:1,20230622,62415,124,964.0566933,1.113448507,10.89916599,0.011854274,0.247792566,0.154842424,0.333406022,24065.57156,0,
193,1205O_12CG_96HR,12,5,O,12CG,96HR,R1,95,,95,1:1,5:1,20230624,44846,72,558.0944766,0.412119008,6.157821912,0.004440816,-23.32907787,0.289307345,0.305190035,24036.31698,0,
138,1205O_12CP_96HR,12,5,O,12CP,96HR,R1,251,,251,1:1,5:1,20230623,30648,38,477.6163236,0.243665297,5.289291643,0.00446678,-19.49650523,0.563544848,0.290851924,24182.08024,0,
64,1205O_13CG_96HR,12,5,O,13CG,96HR,R1,94,,94,1:1,5:1,20230622,35408,114,485.054555,0.259732301,5.710937341,0.004464925,41.83578708,0.253278903,0.326373825,24070.06322,0,
214,1205O_13CP_96HR,12,5,O,13CP,96HR,R1,222,,222,1:1,5:1,20230624,100400,93,536.2764429,0.397459343,5.977182429,0.005092563,-13.69403649,0.193629766,0.321286586,24067.3473,0,
54,1211O_12CG_96HR,12,11,O,12CG,96HR,R1,89,,89,1:1,5:1,20230622,12402,104,212.0161348,0.391149695,2.355807511,0.00695117,-16.93024014,0.746631476,0.327908162,24102.94231,0,
182,1211O_12CP_96HR,12,11,O,12CP,96HR,R1,242,,242,1:1,5:1,20230624,20339,61,218.5741196,0.422040577,2.424898052,0.00622343,-17.88018467,0.567674163,0.296169658,24049.03681,0,
173,1211O_13CG_96HR,12,11,O,13CG,96HR,R1,270,,270,1:1,5:1,20230623,234832,52,210.8038316,0.435875171,2.741674476,0.006605287,152.0290338,0.430938433,0.2667192,24068.29217,0,
3,1211O_13CP_96HR,12,11,O,13CP,96HR,R1,203,,203,1:1,5:1,20230621,123830,53,229.4077118,0.364660708,2.618416821,0.007311758,9.563358459,0.914898104,0.335871667,24302.85814,0,
213,1213O_12CG_96HR,12,13,O,12CG,96HR,R1,241,,241,1:1,5:1,20230624,94859,92,195.1698049,0.438129024,2.17280629,0.007058434,-14.60398655,0.740971929,0.306613501,24043.50675,0,
235,1213O_12CP_96HR,12,13,O,12CP,96HR,R1,240,,240,1:1,5:1,20230624,151914,114,178.9937698,0.376707622,1.99778308,0.005336047,-12.41277115,0.564459084,0.333523572,24056.92084,0,
218,1213O_13CG_96HR,12,13,O,13CG,96HR,R1,58,,58,1:1,5:1,20230624,110402,97,194.5789104,0.387595631,3.110851873,0.004884458,415.3827323,1.937152835,0.308438304,24059.70303,0,
155,1213O_13CP_96HR,12,13,O,13CP,96HR,R1,263,,263,1:1,5:1,20230623,72202,55,209.0860588,0.443097532,2.374157541,0.007230223,4.465383959,0.81613101,0.341030646,24173.72112,0,
77,Blank_R1,blank,blank,blank,blank,96HR,R1,9,,9,1:1,5:1,20230622,70917,127,55.01885489,0.702686647,0.627579803,0.009718466,8.660688262,2.546747327,0.361222539,24045.83461,0,
113,Blank_R1,blank,blank,blank,blank,96HR,R1,210,,210,1:1,5:1,20230622,205126,13,43.30194063,0.672584469,0.503898182,0.009749418,29.99928931,3.807458511,0.292296966,24299.82993,0,
187,Blank_R1,blank,blank,blank,blank,96HR,R1,202,,202,1:1,5:1,20230624,31842,66,43.75528522,0.682553699,0.50004854,0.008310026,11.9635242,1.644026913,0.285514017,24085.06611,0,
229,Blank_R1,blank,blank,blank,blank,96HR,R1,66,,66,1:1,5:1,20230624,134909,108,44.83151954,0.64099214,0.509675595,0.008394331,6.15346281,2.624782469,0.30845845,24064.43662,0,
1,Blank_R2,blank,blank,blank,blank,96HR,R2,57,,57,1:1,5:1,20230621,120828,51,43.93571719,0.900897642,0.56268335,0.0174059,129.3760671,11.18312843,0.423898278,24317.9564,0,
16,Blank_R2,blank,blank,blank,blank,96HR,R2,G3,,G3,1:1,5:1,20230621,155338,66,39.51077068,0.76098169,0.456240805,0.011070732,21.96221757,4.357127269,0.310840462,24296.66102,0,
121,Blank_R2,blank,blank,blank,blank,96HR,R2,53,,53,1:1,5:1,20230622,225133,21,47.92498797,0.708677834,0.685647579,0.0083526,268.4328869,5.291081821,0.249332551,24237.71748,0,
231,Blank_R2,blank,blank,blank,blank,96HR,R2,245,,245,1:1,5:1,20230624,141911,110,36.77044726,0.608858382,0.419431234,0.007714461,9.86051922,2.21855511,0.303221239,24048.88243,0,
13,Blank_R3,blank,blank,blank,blank,96HR,R3,226,,226,1:1,5:1,20230621,150837,63,43.92430591,0.719453912,0.504024832,0.009937756,15.50335897,2.51323936,0.306521207,24255.69574,0,
43,Blank_R3,blank,blank,blank,blank,96HR,R3,30,,30,1:1,5:1,20230621,223855,93,55.61398696,0.655327084,0.631368504,0.009297707,4.420361385,2.466721829,0.311895823,24099.19101,0,
87,Blank_R3,blank,blank,blank,blank,96HR,R3,234,,234,1:1,5:1,20230622,95425,138,43.92835053,0.745389534,0.501006823,0.010073381,9.040846877,2.906548437,0.327785825,24092.24071,0,
226,Blank_R3,blank,blank,blank,blank,96HR,R3,223,,223,1:1,5:1,20230624,130407,105,43.2170877,0.617318917,0.55625917,0.008633737,139.7301263,2.383454808,0.281536412,24065.25855,0,
21,Blank_R4,blank,blank,blank,blank,96HR,R4,119,,119,1:1,5:1,20230621,170841,71,50.58780594,0.66344659,0.579835878,0.009944712,12.31128198,3.808275477,0.407219454,24225.3575,0,
52,Blank_R4,blank,blank,blank,blank,96HR,R4,256,,256,1:1,5:1,20230622,5401,102,47.49353055,0.679111368,0.541801861,0.009522488,9.909496494,2.538728367,0.293225515,24076.5261,0,
140,Blank_R4,blank,blank,blank,blank,96HR,R4,93,,93,1:1,5:1,20230623,33649,40,48.41345777,0.721127644,0.5533711,0.009600438,12.39308632,2.518785559,0.248637906,24169.79358,0,
162,Blank_R4,blank,blank,blank,blank,96HR,R4,94,,94,1:1,5:1,20230623,210325,41,43.11114154,0.681581011,0.499652118,0.010431627,25.55355561,4.479236456,0.278371537,24084.53018,0,
98,Blank_R5,blank,blank,blank,blank,96HR,R5,222,,222,1:1,5:1,20230622,123932,149,47.82277021,0.669778145,0.545903274,0.007926537,10.90563336,2.037512956,0.276434881,24039.20627,0,
149,Blank_R5,blank,blank,blank,blank,96HR,R5,14,,14,1:1,5:1,20230623,55157,49,51.1164456,0.720461356,0.580944596,0.008710767,6.538188331,1.194318875,0.273889088,24159.14151,0,
161,Blank_R5,blank,blank,blank,blank,96HR,R5,257,,257,1:1,5:1,20230623,204824,40,46.92657126,0.774443581,0.543745112,0.012222545,25.80215488,5.38820008,0.2523812,24108.7957,0,
185,Blank_R5,blank,blank,blank,blank,96HR,R5,69,,69,1:1,5:1,20230624,24841,64,47.40178816,0.758566906,0.540700063,0.009133742,10.37613461,2.424980672,0.269655884,24080.56951,0,
34,Blank_R6,blank,blank,blank,blank,96HR,R6,274,,274,1:1,5:1,20230621,202349,84,54.23920637,0.651997464,0.61432141,0.008317747,2.596398471,1.718100312,0.292177765,24156.74597,0,
49,Blank_R6,blank,blank,blank,blank,96HR,R6,93,,93,1:1,5:1,20230622,859,99,55.37291784,0.625764601,0.629631244,0.008278786,6.104756406,1.518874385,0.299476862,24073.31434,0,
183,Blank_R6,blank,blank,blank,blank,96HR,R6,205,,205,1:1,5:1,20230624,21840,62,49.61177219,0.67569761,0.564743508,0.009019583,8.059718311,1.600428735,0.269117767,24093.55207,0,
204,Blank_R6,blank,blank,blank,blank,96HR,R6,808,,808,1:1,5:1,20230624,73353,83,46.41265349,0.707130561,0.531772269,0.009111554,13.82093849,1.757543469,0.314169414,24027.32014,0,
37,Zero_R1,zeroair,zeroair,zeroair,zeroair,96HR,R1,D3,,D3,1:1,5:1,20230621,210851,87,12.68370573,0.730730811,0.152171838,0.009296058,62.8744133,6.028778028,0.297657331,24129.93581,0,
220,Zero_R2,zeroair,zeroair,zeroair,zeroair,96HR,R2,2661,,2661,1:1,5:1,20230624,113403,99,39.35846819,0.629497043,0.448939264,0.007953734,8.871669913,1.992723095,0.347744573,24013.27435,0,
159,Zero_R3,zeroair,zeroair,zeroair,zeroair,96HR,R3,280,,280,1:1,5:1,20230623,201823,38,18.21749405,0.819256171,0.229603456,0.012821126,112.9259911,9.991329109,0.296147145,24065.7171,0,
60,Zero_R4,zeroair,zeroair,zeroair,zeroair,96HR,R4,233,,233,1:1,5:1,20230622,25406,110,16.74287368,0.725931297,0.20622129,0.009736859,90.25316349,9.080938954,0.298238387,24075.66411,0,
7,Zero_R5,zeroair,zeroair,zeroair,zeroair,96HR,R5,544,,544,1:1,5:1,20230621,133832,57,13.26368975,0.757462533,0.164508375,0.011189152,96.30311672,12.4205164,0.315996835,24281.42026,0,
31,Zero_R5,zeroair,zeroair,zeroair,zeroair,96HR,R5,257,,257,1:1,5:1,20230621,193847,81,12.4168142,0.783333569,0.149524194,0.009819296,65.89070653,7.798583984,0.287960909,24164.73583,0,
105,Zero_R6,zeroair,zeroair,zeroair,zeroair,96HR,R6,9,,9,1:1,5:1,20230622,185119,5,24.37977874,0.803884164,0.284251513,0.011150068,31.09423377,4.662351583,0.309011989,24407.52965,0,
