Sample ID,Weight (mg),N2 Amp,%N,AT% 15N/14N,?15N vs. At. Air,CO2 Amp,%C,?13C vs. VPDB,AT% 13C/12C
1015O_12CG_CHCl3,20.314,756,0.1,0.36845,5.89,639,0.57,-24.79,1.07852
1018O_13CG_nofum,29.543,971,0.09,0.36777,4.02,247,0.15,-24.91,1.0784
0402O_13CG_CHCl3,20.2175,484,0.07,0.36645,0.41,439,0.4,121.09,1.23787
0404O_13CG_nofum,20.251,774,0.1,0.36757,3.47,724,0.65,-17.99,1.08596
0103O_13CG_nofum,19.278,132,0.02,0.37084,12.43,571,0.54,-5.68,1.09943
0112O_13CG_nofum,19.758,0,,,,79,0.07,24.03,1.1319
1205O_12CG_nofum,20.2765,77,0.01,0.36967,9.23,341,0.31,-24.73,1.07859
0211O_13CG_nofum,19.7055,0,,,,92,0.09,-7.49,1.09745
0115O_13CG_nofum,10.259,58,0.02,0.36957,8.94,166,0.3,-24.31,1.07905
0211O_12CG_CHCl3,20.025,77,0.01,0.36871,6.59,152,0.14,-26.34,1.07683
Blank_R2_CHCl3,38.4695,0,,,,0,,,
1211O_13CG_nofum,19.588,65,0.01,0.36965,9.18,161,0.16,-19.34,1.08448
0512O_13CG_CHCl3,19.915,789,0.11,0.36827,5.4,763,0.71,111.21,1.22709
0811O_12CG_CHCl3,19.7765,235,0.04,0.3682,5.2,365,0.34,-25.66,1.07758
0916O_13CG_nofum,19.5355,466,0.07,0.3716,14.51,140,0.14,-17.3,1.08672
0304O_13CG_nofum,20.5205,82,0.01,0.3654,-2.48,114,0.1,-11.4,1.09317
0807O_13CG_nofum,19.929,0,,,,69,0.07,-3.64,1.10166
0112O_12CG_CHCl3,19.485,75,0.01,0.37016,10.58,255,0.25,-25.38,1.07788
1115O_13CG_nofum,19.8905,63,0.01,0.37041,11.25,234,0.23,-25.7,1.07753
0308O_13CG_nofum,20.0615,251,0.04,0.3726,17.26,52,0.05,-15.46,1.08873
0512O_12CG_CHCl3,20.196,762,0.1,0.36842,5.8,741,0.69,-26.56,1.07659
0811O_13CG_CHCl3,20.037,181,0.03,0.36881,6.88,305,0.28,55.4,1.16618
0811O_12CG_nofum,20.325,105,0.02,0.37107,13.05,174,0.16,-25.81,1.07741
0316O_12CG_nofum,20.331,67,0.01,0.36856,6.19,116,0.11,-26.79,1.07634
1211O_12CG_CHCl3,19.8495,171,0.02,0.36917,7.84,234,0.22,-22.9,1.0806
1109O_12CG_nofum,19.924,67,0.01,0.36969,9.28,210,0.21,-26.47,1.07669
0404O_12CG_nofum,20.014,982,0.14,0.36838,5.69,226,0.21,-23.58,1.07985
0905O_12CG_nofum,19.8825,109,0.02,0.36819,5.18,369,0.35,-27.1,1.076
1005O_12CG_CHCl3,19.725,362,0.05,0.36862,6.35,531,0.51,-24.34,1.07902
0912O_12CG_CHCl3,20.0815,706,0.1,0.37054,11.6,438,0.4,-25.47,1.07778
1107O_13CG_nofum,20.4245,530,0.07,0.37094,12.7,"1,305",1.16,-14.06,1.09026
0716O_13CG_nofum,19.1805,167,0.02,0.37032,11.01,141,0.13,-24.7,1.07863
0607O_13CG_CHCl3,19.713,347,0.05,0.36766,3.72,311,0.28,37.99,1.14716
0807O_12CG_CHCl3,19.6135,64,0.01,0.37212,15.93,128,0.12,-22.19,1.08137
0508O_12CG_nofum,20.271,51,0.01,0.37016,10.56,104,0.09,-24.16,1.07922
0605O_13CG_CHCl3,20.6265,274,0.04,0.36799,4.61,393,0.35,110.38,1.22618
1213O_13CG_nofum,19.626,517,0.07,0.37104,12.99,252,0.23,-15.04,1.08919
0308O_13CG_CHCl3,19.722,280,0.04,0.37198,15.56,138,0.13,179.79,1.30183
Blank_R2_nofum,39.0145,0,,,,0,,,
1109O_12CG_CHCl3,20.329,387,0.05,0.36843,5.83,607,0.57,-20.01,1.08376
0103O_12CG_nofum,19.706,79,0.01,0.36881,6.86,154,0.14,-23.59,1.07984
0218O_13CG_nofum,20.074,66,0.01,0.36928,8.15,160,0.15,-25.21,1.07806
0508O_12CG_CHCl3,20.176,90,0.01,0.36865,6.43,147,0.14,-25.07,1.07822
1018O_12CG_nofum,20.155,311,0.04,0.36583,-1.29,837,0.8,-14.96,1.08928
0808O_13CG_CHCl3,19.7485,284,0.04,0.36837,5.67,374,0.36,122.3,1.23919
0607O_12CG_nofum,20.2945,236,0.03,0.36794,4.5,204,0.2,-17.84,1.08612
0713O_12CG_nofum,20.196,616,0.08,0.36955,8.91,273,0.26,-19.6,1.0842
0706O_13CG_nofum,19.9285,311,0.04,0.3695,8.77,163,0.15,-14.8,1.08946
1115O_12CG_nofum,19.7005,74,0.01,0.37013,10.5,278,0.26,-26.96,1.07615
0202O_13CG_CHCl3,19.8815,0,,,,0,,,
0916O_13CG_CHCl3,19.5535,722,0.11,0.37045,11.37,482,0.46,116.19,1.23252
0112O_12CG_nofum,20.993,0,,,,84,0.07,-22.33,1.08122
0706O_12CG_CHCl3,20.3695,455,0.06,0.37003,10.21,272,0.26,-20.4,1.08333
0515O_13CG_nofum,19.578,214,0.03,0.37018,10.61,602,0.58,-13.89,1.09044
0515O_12CG_CHCl3,19.7,287,0.04,0.36992,9.91,551,0.51,-27.32,1.07576
0713O_13CG_CHCl3,19.5055,562,0.08,0.37013,10.49,335,0.32,64.1,1.17567
0218O_12CG_nofum,19.804,72,0.01,0.37066,11.94,231,0.21,-27.52,1.07554
0706O_13CG_CHCl3,19.624,377,0.05,0.36994,9.96,198,0.19,34.79,1.14367
0103O_12CG_CHCl3,20.7245,153,0.02,0.37019,10.64,423,0.37,-20.22,1.08352
0905O_12CG_CHCl3,19.7565,647,0.09,0.37019,10.66,"1,104",1.02,-25.51,1.07774
0402O_13CG_nofum,19.6345,217,0.03,0.37058,11.72,209,0.19,-23.61,1.07981
0713O_12CG_CHCl3,19.6125,707,0.1,0.37293,18.15,426,0.39,-22.5,1.08103
1205O_12CG_CHCl3,19.735,309,0.04,0.37197,15.52,613,0.57,-25.64,1.0776
0905O_13CG_CHCl3,19.852,527,0.08,0.37049,11.49,744,0.69,90.78,1.2048
1115O_13CG_CHCl3,20.0445,535,0.07,0.37021,10.69,"1,012",0.92,22.98,1.13076
Blank_R2_CHCl3,40.952,0,,,,0,,,
1211O_13CG_CHCl3,19.7595,235,0.03,0.37303,18.42,331,0.31,89.67,1.20358
0912O_12CG_nofum,19.7385,680,0.1,0.37337,19.38,319,0.29,-26.01,1.0772
0808O_12CG_CHCl3,20.4025,458,0.06,0.37011,10.42,558,0.51,-25.96,1.07725
0605O_13CG_nofum,20.8625,0,,,,152,0.13,-22.89,1.08061
0416O_12CG_CHCl3,19.7365,550,0.08,0.36932,8.28,796,0.77,-24.31,1.07906
1005O_13CG_nofum,19.7455,328,0.05,0.37087,12.52,513,0.5,-20.21,1.08354
0218O_13CG_CHCl3,20.205,389,0.05,0.37017,10.6,583,0.53,46.6,1.15657
0304O_12CG_CHCl3,19.733,136,0.02,0.37338,19.4,370,0.35,-19.31,1.08452
0916O_12CG_nofum,20.275,559,0.08,0.37261,17.29,188,0.17,-25.83,1.07739
0202O_13CG_nofum,19.839,0,,,,0,,,
1213O_12CG_nofum,19.885,274,0.04,0.37686,28.94,188,0.18,-22.05,1.08153
0304O_13CG_CHCl3,19.833,155,0.02,0.37333,19.25,317,0.29,126.56,1.24383
0807O_12CG_nofum,20.203,0,,,,67,0.06,-3.26,1.10207
0905O_13CG_nofum,20.075,146,0.02,0.37426,21.81,368,0.35,-24.21,1.07917
1005O_13CG_CHCl3,19.711,380,0.05,0.37123,13.49,552,0.52,1.99,1.10781
0416O_13CG_nofum,19.795,127,0.02,0.37548,25.14,339,0.34,-23.32,1.08014
0512O_12CG_nofum,20.256,267,0.04,0.37357,19.91,277,0.25,-29.21,1.07369
0218O_12CG_CHCl3,19.627,247,0.04,0.3728,17.8,390,0.37,-26.28,1.07689
1211O_12CG_nofum,19.65,0,,,,110,0.11,-27.81,1.07523
0607O_13CG_nofum,20.7305,322,0.04,0.37273,17.62,"1,095",0.99,-18.21,1.08573
0404O_12CG_CHCl3,19.664,980,0.13,0.37042,11.28,314,0.3,-23.32,1.08014
0706O_12CG_nofum,20.2735,265,0.04,0.37458,22.69,132,0.12,-18.11,1.08583
0716O_12CG_CHCl3,20.051,411,0.06,0.37366,20.17,343,0.31,-24.49,1.07886
0304O_12CG_nofum,20.0015,63,0.01,0.38281,45.24,126,0.11,-25.34,1.07792
0912O_13CG_nofum,20.0805,784,0.11,0.37274,17.64,353,0.32,-13.03,1.09139
0404O_13CG_CHCl3,19.625,"1,002",0.14,0.37036,11.11,352,0.33,123.82,1.24084
0508O_13CG_nofum,19.6675,52,0.01,0.38823,60.1,116,0.11,48.94,1.15912
0605O_12CG_nofum,20.326,0,,,,162,0.15,-21.25,1.0824
0512O_13CG_nofum,19.8825,318,0.05,0.37358,19.95,366,0.33,-25.33,1.07794
Blank_CHCl3,39.814,0,0.32,0.36612,-0.51,0,,,
0615O_13CG_nofum,19.378,89,0.01,0.37927,35.53,487,0.46,-25.83,1.07739
0402O_12CG_nofum,19.7905,226,0.03,0.37006,10.29,199,0.19,-24,1.07939
0103O_13CG_CHCl3,20.61,157,0.02,0.37641,27.7,276,0.24,67.26,1.17912
0402O_12CG_CHCl3,20.2475,415,0.06,0.36878,6.79,363,0.33,-24.13,1.07925
0912O_13CG_CHCl3,19.8655,869,0.12,0.37193,15.42,534,0.49,27.48,1.13568
0202O_12CG_CHCl3,19.868,0,,,,0,,,
0605O_12CG_CHCl3,19.4035,349,0.05,0.371,12.87,458,0.44,-24.85,1.07846
0916O_12CG_CHCl3,19.6625,656,0.1,0.37226,16.33,408,0.38,-24.67,1.07865
0811O_13CG_nofum,20.317,92,0.01,0.38151,41.67,167,0.15,-17.92,1.08604
0515O_13CG_CHCl3,20.383,273,0.04,0.3747,23.01,490,0.45,15.5,1.12258
1015O_13CG_nofum,19.9095,549,0.08,0.37086,12.49,347,0.32,-23.49,1.07995
1005O_12CG_nofum,19.667,293,0.04,0.36971,9.33,506,0.45,-23.85,1.07955
0211O_13CG_CHCl3,19.2835,76,0.01,0.37415,21.49,206,0.19,19.73,1.12721
0115O_12CG_nofum,20.784,74,0.01,0.37466,22.9,259,0.22,-28.38,1.0746
0515O_12CG_nofum,20.276,174,0.02,0.37188,15.28,435,0.38,-23.64,1.07979
0416O_12CG_nofum,19.582,114,0.02,0.37185,15.2,499,0.45,-24.56,1.07878
1205O_13CG_CHCl3,20.1115,369,0.05,0.3697,9.3,654,0.58,90.7,1.20471
0316O_13CG_CHCl3,19.7625,437,0.06,0.3687,6.58,480,0.43,259.42,1.38849
1213O_13CG_CHCl3,19.9145,465,0.06,0.3726,17.26,269,0.24,29.49,1.13788
1109O_13CG_nofum,20.0505,62,0.01,0.37665,28.35,226,0.2,-24.2,1.07918
0716O_12CG_nofum,20.041,190,0.03,0.37425,21.78,131,0.11,-23.06,1.08042
0615O_12CG_CHCl3,20.776,893,0.11,0.3679,4.38,"1,141",0.97,-26.24,1.07694
0808O_12CG_nofum,18.9815,127,0.02,0.37409,21.32,263,0.25,-28,1.07502
1015O_12CG_nofum,19.5685,456,0.06,0.37037,11.14,389,0.36,-20.72,1.08298
0115O_12CG_CHCl3,19.745,394,0.06,0.37032,11.02,599,0.55,-25.74,1.07748
0416O_13CG_CHCl3,19.757,616,0.08,0.3686,6.29,807,0.75,59.51,1.17067
0615O_12CG_nofum,19.741,84,0.01,0.37734,30.25,462,0.43,-27.2,1.07589
1018O_13CG_CHCl3,19.754,"1,355",0.18,0.36856,6.19,478,0.43,60.88,1.17216
1107O_13CG_CHCl3,19.8595,201,0.03,0.37224,16.28,348,0.31,11.52,1.11823
0308O_12CG_nofum,20.315,326,0.04,0.37459,22.7,80,0.07,-26.25,1.07692
0615O_13CG_CHCl3,20.1815,659,0.09,0.36877,6.76,930,0.83,93.35,1.2076
0607O_12CG_CHCl3,19.267,313,0.04,0.3699,9.86,297,0.29,-22.79,1.08071
0807O_13CG_CHCl3,19.9385,0,,,,82,0.08,87.63,1.20136
Blank_R2_nofum,41.535,0,,,,0,,,
0716O_13CG_CHCl3,19.981,550,0.07,0.37109,13.12,388,0.36,221.26,1.34698
0808O_13CG_nofum,20.2385,91,0.01,0.37759,30.93,125,0.11,-20.8,1.08289
0211O_12CG_nofum,19.368,55,0.01,0.38288,45.44,180,0.18,-26.74,1.07639
0713O_13CG_nofum,20.4715,559,0.07,0.37091,12.63,256,0.23,-17.8,1.08618
0316O_12CG_CHCl3,20.252,264,0.04,0.37089,12.56,260,0.24,-25.04,1.07825
1107O_12CG_nofum,20.0175,695,0.09,0.37105,13.02,645,0.6,-19.26,1.08457
1205O_13CG_nofum,19.887,74,0.01,0.40292,100.36,350,0.32,-22.34,1.0812
0308O_12CG_CHCl3,20.115,313,0.04,0.38176,42.35,874,0.79,-14.99,1.08924
0115O_13CG_CHCl3,20.257,316,0.05,0.38012,37.86,451,0.41,262.82,1.39218
0316O_13CG_nofum,20.428,61,0.01,0.38695,56.6,164,0.15,-22.53,1.081
1213O_12CG_CHCl3,19.8085,387,0.06,0.38176,42.36,281,0.26,-21.63,1.08198
0202O_12CG_nofum,20.28,0,,,,0,,,
1109O_13CG_CHCl3,19.4915,495,0.07,0.3763,27.39,587,0.56,73.19,1.1856
0112O_13CG_CHCl3,20.924,64,0.01,0.38897,62.11,221,0.19,78.55,1.19145
0508O_13CG_CHCl3,20.2795,85,0.01,0.38368,47.63,202,0.18,91.97,1.2061
1018O_12CG_CHCl3,19.8475,756,0.11,0.3744,22.17,"1,245",1.2,-18.18,1.08576
1107O_12CG_CHCl3,20.2185,296,0.04,0.37552,25.24,389,0.37,-21.7,1.08191
Blank_R6_CHCl3,38.907,0,,,,0,,,
0103O_rerun_12CG_CHCl3,19.154,113,0.02,0.38047,38.83,223,0.22,-25.41,1.07785
1115O_rerun_12CG_CHCl3,19.0285,401,0.06,0.37748,30.64,519,0.53,-26.25,1.07693
1109O_rerun_13CG_CHCl3,19.736,552,0.08,0.37398,21.05,650,0.63,42.37,1.15195
0808O_rerun_13CG_CHCl3,20.985,326,0.04,0.37513,24.18,338,0.3,246.59,1.37453
1015O_rerun_13CG_CHCl3,19.253,753,0.11,0.37368,20.23,485,0.5,62.71,1.17416
1211O_duplicate_12CG_nofum,19.273,61,0.01,0.38788,59.15,142,0.15,-16,1.08814
0402O_duplicate_12CG_nofum,20.0195,208,0.03,0.37633,27.48,162,0.17,-22.94,1.08055
0402O_duplicate_12CG_CHCl3,19.464,421,0.06,0.37297,18.26,341,0.34,-23.53,1.07991
Blank_R3_CHCl3,38.9875,54,0,0.37034,11.07,0,,,
0916M_12CG_CHCl3,41.896,223,0.02,0.37016,10.57,292,0.13,-20.76,1.08294
0905M_12CG_CHCl3,38.639,309,0.02,0.36925,8.08,401,0.19,-20.31,1.08342
0304M_13CG_nofum,38.108,78,0.01,0.36765,3.69,87,0.04,58.45,1.1695
0515M_13CG_nofum,39.1725,151,0.01,0.3653,-2.75,118,0.06,59.91,1.1711
0308M_12CG_nofum,38.762,73,0.01,0.36981,9.61,51,0.03,-22.05,1.08152
0103M_13CG_CHCl3,40.4935,228,0.02,0.3698,9.57,366,0.17,609.01,1.76708
0515M_12CG_nofum,38.0305,149,0.01,0.36498,-3.63,95,0.05,-12.16,1.09234
0515M_12CG_CHCl3,41.1625,213,0.01,0.36689,1.6,153,0.08,-21.93,1.08166
0304M_12CG_nofum,40.343,91,0.01,0.36636,0.17,70,0.03,-22.64,1.08087
0218M_13CG_nofum,19.222,0,,,,58,0.06,34.77,1.14364
0112M_13CG_nofum,19.3175,0,,,,90,0.09,66.42,1.17821
0103M_12CG_CHCl3,39.3545,203,0.02,0.36968,9.25,283,0.14,-22.76,1.08075
0811M_13CG_nofum,39.039,0,,,,78,0.04,119.24,1.23585
0916M_13CG_CHCl3,38.1475,189,0.01,0.36955,8.9,183,0.1,978.63,2.16423
0115M_13CG_CHCl3,39.1145,150,0.01,0.36854,6.12,271,0.14,1100.16,2.29412
0316M_12CG_nofum,39.0325,90,0.01,0.36626,-0.11,65,0.03,14.79,1.1218
0508M_12CG_nofum,38.177,178,0.01,0.36596,-0.95,206,0.11,-16.11,1.08802
0508M_12CG_CHCl3,38.328,234,0.02,0.36683,1.45,317,0.16,-22.32,1.08123
0512M_12CG_CHCl3,38.8605,248,0.02,0.36684,1.48,366,0.18,-21.58,1.08204
0912M_13CG_CHCl3,41.015,499,0.04,0.37049,11.47,310,0.14,658.81,1.82078
0811M_12CG_nofum,20.987,0,,,,55,0.05,-3.7,1.10159
0512M_13CG_nofum,38.4815,150,0.01,0.36618,-0.33,165,0.08,-0.78,1.10479
0811M_12CG_CHCl3,38.2285,65,0,0.37113,13.21,142,0.07,-19.76,1.08403
0508M_13CG_nofum,39.1735,180,0.01,0.36659,0.79,248,0.12,105.38,1.22073
0912M_12CG_CHCl3,39.1605,335,0.02,0.3694,8.48,205,0.1,-20.6,1.08311
0811M_13CG_CHCl3,39.1665,105,0.01,0.37053,11.57,208,0.1,890.35,2.06967
0304M_12CG_CHCl3,38.155,144,0.01,0.36718,2.4,170,0.09,-13.35,1.09104
0211M_13CG_CHCl3,39.5345,135,0.01,0.37086,12.49,234,0.13,968.46,2.15334
0112M_12CG_CHCl3,41.432,148,0.01,0.36859,6.27,679,0.3,-15.7,1.08847
0112M_13CG_CHCl3,38.732,125,0.01,0.36867,6.48,567,0.27,439.72,1.5841
0202M_12CG_nofum,40.575,0,,,,157,0.08,9.94,1.11651
0202M_13CG_nofum,38.797,63,0,0.36933,8.28,363,0.18,198.16,1.32184
0103M_12CG_nofum,38.804,97,0.01,0.36918,7.88,274,0.13,-20.94,1.08274
0218M_13CG_CHCl3,39.012,187,0.01,0.37106,13.03,253,0.12,682.34,1.84613
0202M_13CG_CHCl3,35.077,0,,,,175,0.1,890.1,2.0694
0508M_13CG_CHCl3,38.483,235,0.02,0.36685,1.49,308,0.16,389.81,1.53004
0202M_12CG_CHCl3,40.301,60,0,0.37121,13.44,286,0.13,-15.68,1.08849
Blank_R6_nofum,40.924,0,,,,0,,,
0304M_13CG_CHCl3,38.1065,177,0.01,0.36778,4.05,205,0.1,681.77,1.84552
0218M_12CG_nofum,35.6705,77,0.01,0.36978,9.53,120,0.06,-18.44,1.08548
0308M_13CG_CHCl3,38.934,140,0.01,0.36941,8.52,226,0.11,426.13,1.56939
0905M_13CG_CHCl3,38.2175,212,0.02,0.36945,8.61,281,0.14,1083.4,2.27623
0807M_12CG_nofum,38.3575,0,,,,96,0.05,9,1.11547
0115M_12CG_CHCl3,41.5875,96,0.01,0.37023,10.76,241,0.11,-22.34,1.0812
0112M_12CG_nofum,40.5435,82,0.01,0.37025,10.8,358,0.17,-23.42,1.08003
0316M_13CG_CHCl3,39.945,125,0.01,0.36833,5.55,127,0.06,636.34,1.79656
0512M_12CG_nofum,40.3475,181,0.01,0.36638,0.22,178,0.08,-20.15,1.0836
0308M_12CG_CHCl3,40.695,126,0.01,0.37084,12.43,98,0.04,-19.37,1.08445
0308M_13CG_nofum,40.592,87,0.01,0.36912,7.71,52,0.02,169.12,1.29021
0916M_13CG_nofum,38.699,81,0.01,0.37044,11.33,102,0.05,76,1.18867
0807M_12CG_CHCl3,38.7755,58,0,0.37211,15.91,140,0.07,-19.22,1.08462
0316M_13CG_nofum,40.285,85,0.01,0.36841,5.79,75,0.04,298.32,1.43076
0912M_12CG_nofum,40.322,246,0.02,0.37077,12.23,96,0.04,-22.13,1.08144
0808M_12CG_nofum,38.0955,0,,,,56,0.03,-23.22,1.08024
0211M_12CG_CHCl3,40.6605,212,0.02,0.37126,13.59,372,0.17,-18,1.08596
0512M_13CG_CHCl3,39.514,254,0.02,0.36877,6.76,431,0.21,862.09,2.03936
Blank_R6_CHCl3,40.7415,0,,,,0,,,
0103M_13CG_nofum,38.467,86,0.01,0.36825,5.33,251,0.11,53.82,1.16446
0808M_13CG_CHCl3,40.232,117,0.01,0.3701,10.41,195,0.09,1115.95,2.31097
0808M_13CG_nofum,38.938,0,,,,74,0.03,150.48,1.2699
0211M_12CG_nofum,41.7275,0,,,,132,0.06,-18.47,1.08544
0905M_13CG_nofum,41.839,69,0.01,0.36932,8.27,108,0.05,46.16,1.15609
0808M_12CG_CHCl3,41.405,106,0.01,0.3703,10.94,376,0.16,-23.22,1.08025
0807M_13CG_nofum,39.2505,0,,,,94,0.04,157.92,1.27801
0115M_13CG_nofum,41.4125,66,0.01,0.36768,3.78,159,0.07,333.41,1.46886
0218M_12CG_CHCl3,41.6015,179,0.01,0.37067,11.95,306,0.13,-21.4,1.08224
0211M_13CG_nofum,39.5165,0,,,,100,0.04,105.64,1.22101
0115M_12CG_nofum,38.901,69,0.01,0.37061,11.81,185,0.09,-25.07,1.07822
0807M_13CG_CHCl3,38.7145,79,0.01,0.3714,13.97,219,0.11,974.27,2.15957
0916M_12CG_nofum,38.7055,53,0.01,0.37455,22.59,117,0.06,-19.92,1.08386
0905M_12CG_nofum,40.315,75,0.01,0.37096,12.77,123,0.06,-23.35,1.0801
0515M_13CG_CHCl3,41.186,184,0.02,0.36736,2.88,311,0.14,261.55,1.3908
0316M_12CG_CHCl3,40.4135,119,0.01,0.36854,6.12,326,0.15,-16.22,1.0879
0912M_13CG_nofum,38.819,316,0.03,0.37084,12.42,124,0.06,36.09,1.14509
Blank_R6_nofum,41.4515,0,,,,0,,,
0115M_rerun_12CG_CHCl3,37.159,111,0.01,0.37029,10.93,324,0.17,-21.35,1.08229
0218M_rerun_12CG_nofum,35.6705,0,,,,165,0.09,-21.27,1.08238
0515M_rerun_12CG_CHCl3,36.6955,94,0.01,0.3703,10.95,211,0.11,-22.94,1.08054
0202M_rerun_13CG_CHCl3,35.077,0,,,,287,0.15,904.17,2.08449
0515M_rerun_13CG_CHCl3,36.4865,88,0.01,0.3711,13.15,163,0.08,336.76,1.4725
blank tin1,0,0,,,,0,,,
blank tin2,0,0,,,,0,,,
blank tin3,0,0,,,,0,,,
blank tin4,0,0,,,,0,,,
blank tin5,0,0,,,,0,,,
0912O_13CP_CHCl3,19.9985,700,0.11,0.37092,12.65,506,0.46,-22.77,1.08073
0912O_12CP_CHCl3,19.0435,656,0.11,0.37127,13.61,436,0.42,-25.82,1.0774
1205O_12CP_CHCl3,17.127,209,0.04,0.36885,6.97,440,0.47,-25.85,1.07737
1211O_13CP_CHCl3,20.1195,228,0.04,0.36884,6.95,365,0.33,-18.79,1.08509
0916O_12CP_CHCl3,19.8635,687,0.11,0.37019,10.64,481,0.44,-25.65,1.07758
0905O_12CP_CHCl3,20.963,603,0.09,0.36773,3.91,957,0.85,-26.1,1.0771
1213O_13CP_CHCl3,19.733,425,0.07,0.37052,11.56,260,0.24,-19.84,1.08395
1205O_13CP_CHCl3,19.3095,329,0.05,0.36814,5.04,563,0.54,-22.81,1.0807
1213O_12CP_CHCl3,19.473,426,0.07,0.37025,10.81,240,0.23,-23.21,1.08025
1211O_12CP_CHCl3,19.346,187,0.03,0.36831,5.49,295,0.28,-24.54,1.0788
0905O_13CP_CHCl3,20.148,439,0.07,0.36751,3.31,770,0.71,-22.62,1.0809
0916O_13CP_CHCl3,20.178,721,0.12,0.37008,10.36,550,0.5,-20.56,1.08315
Blank_01 A,40.534,0,,,,0,,,
Blank_01_+CHCl3 A,38.104,0,,,,0,,,
Curt1A_010_ct,41.279,0,,,,0,,,
Curt1A_010_ct + CHCl3,40.492,150,0.01,0.37182,15.12,388,0.19,-16.53,1.08756
Curt1B_010_ct,41.739,0,,,,211,0.1,-25.05,1.07824
Curt1B_010_ct + CHCl3,39.8615,91,0.01,0.37602,26.62,345,0.17,-16.03,1.0881
Curt1C_010_ct,39.2335,0,,,,57,0.03,-24.21,1.07917
Curt1C_010_ct + CHCl3,40.381,135,0.01,0.37292,18.14,285,0.14,-15.67,1.08851
Curt3A_010_ct,38.68,0,,,,0,,,
Curt3A_010_ct + CHCl3,40.1245,151,0.01,0.37174,14.88,268,0.14,-16.16,1.08797
Curt3B_010_ct,40.7375,0,,,,57,0.03,-21.63,1.08198
Curt3B_010_ct + CHCl3,39.1665,73,0.01,0.37514,24.23,221,0.12,-15.59,1.08859
Curt3C_010_ct,38.897,0,,,,0,,,
Curt3C_010_ct + CHCl3,39.0345,164,0.01,0.37179,15.04,213,0.11,-18.5,1.08541
Curt3D_010_ct + CHCl3,39.718,144,0.01,0.37162,14.56,186,0.1,-19,1.08485
Curt3E_010_ct,41.545,0,,,,0,,,
Curt3E_010_ct + CHCl3,40.768,149,0.01,0.37171,14.82,476,0.24,-19.7,1.08409
Blank_02 B,38.6575,0,,,,0,,,
Blank_02 + CHCl3 B,39.208,0,,,,0,,,
Blank_01_+CHCl3 C,39.249,0,,,,0,,,
Curt1D_010_ct,39.2955,0,,,,0,,,
Curt1E_010_ct,41.758,0,,,,66,0.03,-23.67,1.07975
Curt1E_010_ct + CHCl3,39.431,413,0.04,0.3686,6.3,571,0.3,-17.47,1.08653
Curt2A_010_ct,38.2635,0,,,,61,0.03,-24.91,1.0784
Curt2A_010_ct + CHCl3,39.727,137,0.01,0.37213,15.98,232,0.12,-21.06,1.0826
Curt2B_010_ct,41.6725,0,,,,71,0.04,-20.12,1.08364
Curt2B_010_ct + CHCl3,39.2345,121,0.01,0.37331,19.2,316,0.17,-15.16,1.08906
Curt2C_010_ct,40.3325,0,,,,77,0.04,-23.89,1.07951
Curt2C_010_ct + CHCl3,41.5165,321,0.03,0.37282,17.85,413,0.2,-17.37,1.08664
Curt2D_010_ct,38.3035,0,,,,58,0.03,-20.58,1.08313
Curt2D_010_ct + CHCl3,40.989,203,0.02,0.37405,21.22,276,0.14,-19.64,1.08416
Curt2E_010_ct,38.403,0,,,,66,0.03,-23.24,1.08022
Curt2E_010_ct + CHCl3,40.311,514,0.04,0.3697,9.31,569,0.29,-19.48,1.08433
Blank_02 D,38.8095,0,,,,0,,,
Blank_02 + CHCl3 D,40.5505,0,,,,0,,,
Curt1A_010,40.304,0,,,,0,,,
Curt1A_010 + CHCl3,41.165,142,0.01,0.37705,29.45,190,0.09,13.56,1.12046
Curt1B_010,39.124,0,,,,0,,,
Curt1B_010 + CHCl3,41.3745,81,0.01,0.38341,46.88,306,0.15,36.43,1.14546
Curt1C_010,40.144,0,,,,0,,,
Curt1C_010 + CHCl3,39.029,93,0.01,0.38064,39.28,117,0.06,5.16,1.11128
Curt3A_010,40.506,0,,,,53,0.03,-21.94,1.08165
Curt3A_010 + CHCl3,41.8195,201,0.02,0.37348,19.65,374,0.19,12.42,1.11921
Curt3B_010,39.6285,0,,,,0,,,
Curt3B_010 + CHCl3,39.1315,65,0.01,0.38505,51.38,207,0.11,47.89,1.15798
Curt3C_010,40.0595,0,,,,53,0.03,-24,1.07939
Curt3C_010 + CHCl3,40.5,342,0.03,0.37205,15.75,626,0.32,20.01,1.12752
Curt3D_010,38.9585,0,,,,0,,,
Curt3D_010 + CHCl3,40.1365,123,0.01,0.38259,44.64,167,0.09,3.5,1.10947
Curt3E_010,40.3985,0,,,,51,0.03,-25.42,1.07784
Curt3E_010 + CHCl3,40.81,56,0,0.39654,82.87,142,0.07,-9.29,1.09548
Curt1D_010,38.3015,0,,,,0,,,
Curt1D_010 + CHCl3,41.059,310,0.03,0.37295,18.22,358,0.18,7.81,1.11418
Curt1E_010,39.434,0,,,,63,0.03,-24.16,1.07921
Curt1E_010 + CHCl3,41.802,453,0.04,0.3721,15.88,795,0.39,17.61,1.12489
Curt2A_010,39.1825,0,,,,0,,,
Curt2A_010 + CHCl3,41.519,492,0.04,0.3841,48.77,713,0.35,16.48,1.12365
Curt2B_010,40.478,0,,,,55,0.03,7.07,1.11337
Curt2B_010 + CHCl3,39.3475,129,0.01,0.42633,164.57,339,0.17,51.25,1.16164
Curt2C_010,41.876,76,0.01,0.45492,243.04,72,0.03,-23.71,1.07971
Curt2C_010 + CHCl3,41.1955,371,0.03,0.38803,59.54,337,0.16,7.7,1.11406
Curt2D_010,41.3215,0,,,,0,,,
Curt2D_010 + CHCl3,40.678,547,0.05,0.38349,47.09,852,0.42,11.15,1.11783
Curt2E_010,41.945,0,,,,62,0.03,-24.54,1.0788
Curt2E_010 + CHCl3,40.4775,467,0.04,0.38302,45.8,714,0.36,12.31,1.1191
Curt3D_010_ct,39.338,0,,,,61,0.03,-23.57,1.07986
Blank_01 C,38.725,0,,,,0,,,
Curt1D_010_ct + CHCl3,41.567,139,0.01,0.41694,138.82,175,0.09,-17.65,1.08633
BLANK1,0,0,,,,0,,,
BLANK2,0,0,,,,0,,,
BLANK3,0,0,,,,0,,,
